Date,Open,High,Low,Close,Adj Close,Volume
30-08-2018,2068,2085,2065.5,2082.399902,1869.247314,2408020
31-08-2018,2082.300049,2092,2074,2078.399902,1865.656982,2504554
03-09-2018,2084.800049,2090,2048.399902,2052.899902,1842.766846,1439711
04-09-2018,2059.800049,2104.75,2056.949951,2098.899902,1884.05835,4420803
05-09-2018,2100,2107.25,2075.050049,2079.25,1866.420166,1681106
06-09-2018,2075,2081.5,2060.300049,2075.300049,1862.873901,2238097
07-09-2018,2079.300049,2084,2065.399902,2079.850098,1866.958618,1312182
10-09-2018,2084.399902,2093.399902,2074.25,2080.75,1867.766235,1530539
11-09-2018,2089,2089,2042.199951,2046.25,1836.797974,3679745
12-09-2018,2052.350098,2068.899902,2040,2043.949951,1834.73291,2307661
14-09-2018,2044,2071.550049,2018.150024,2065.399902,1853.987671,3642038
17-09-2018,2070,2077.800049,2054.550049,2074.149902,1861.841919,1033857
18-09-2018,2073,2078.800049,2057.600098,2070.75,1858.789917,1456507
19-09-2018,2071.899902,2089,2066.850098,2077.899902,1865.20813,1301268
21-09-2018,2077,2121,2050.149902,2103.149902,1887.873291,4508530
24-09-2018,2115,2210.5,2098.149902,2198.449951,1973.418701,3032226
25-09-2018,2204.899902,2211.899902,2153.800049,2183.199951,1959.72998,2868778
26-09-2018,2187,2199,2135.100098,2142.149902,1922.881348,1970951
27-09-2018,2141.899902,2209.699951,2135.800049,2188.850098,1964.801636,3311802
28-09-2018,2178,2190,2158.850098,2183.699951,1960.178467,2904371
01-10-2018,2190.899902,2275.949951,2190.350098,2255.550049,2024.673706,3772208
03-10-2018,2250.300049,2255,2155.600098,2162.850098,1941.462891,3902322
04-10-2018,2156.600098,2156.649902,2056.350098,2064.800049,1853.449097,4762419
05-10-2018,2050,2120,2020.900024,2102.649902,1887.424194,3417624
08-10-2018,2102.649902,2122.199951,2048.149902,2077.550049,1864.893921,2010154
09-10-2018,2080.350098,2107.649902,2053.199951,2091.800049,1877.685425,1867130
10-10-2018,2100,2105.949951,2029,2043.599976,1834.418945,2749573
11-10-2018,1985,2013,1941,1979.949951,1777.284302,4700256
12-10-2018,1978,1978,1903,1918.300049,1721.944702,9373289
15-10-2018,1940,1955.550049,1920,1949.5,1749.95105,2638151
16-10-2018,1958,1971.900024,1935,1962.300049,1761.440552,2815425
17-10-2018,1970,1989,1920,1929.400024,1731.908203,2779207
19-10-2018,1929,1929,1870.050049,1913.199951,1717.366577,3428776
22-10-2018,1914,1916,1886.949951,1903,1708.210693,1778496
23-10-2018,1888,1898,1837,1843.650024,1658.421631,2752811
24-10-2018,1852.050049,1874,1811.099976,1848.5,1662.784424,2735913
25-10-2018,1844,1876.900024,1825.050049,1853,1666.832397,2507233
26-10-2018,1853.900024,1853.900024,1791.099976,1799.099976,1618.347534,2285970
29-10-2018,1808.699951,1877.949951,1784.349976,1871,1683.023682,2609483
30-10-2018,1867,1909.400024,1845,1894.800049,1704.432617,2404883
31-10-2018,1900,1943.900024,1875.449951,1938.150024,1743.427246,2769190
01-11-2018,1943.650024,1944.349976,1901.300049,1935.75,1741.268677,2769759
02-11-2018,1934.199951,1954.599976,1905,1913.449951,1721.208984,1818635
05-11-2018,1910,1927.349976,1884.75,1890.849976,1700.879395,1713366
06-11-2018,1894,1937.5,1891,1932.699951,1738.52478,1398710
07-11-2018,1940,1949,1937,1942.150024,1747.025513,144530
09-11-2018,1961,1961.949951,1905,1909.199951,1717.385742,2570479
12-11-2018,1908.5,1946.099976,1908.5,1914.849976,1722.468506,2552008
13-11-2018,1915,1939,1903,1934.949951,1740.548584,1418432
14-11-2018,1925,1929.900024,1870,1880.650024,1691.704224,2422318
15-11-2018,1864,1899,1857.599976,1872.849976,1684.687988,1829123
16-11-2018,1889,1899.800049,1870.25,1886.599976,1697.056396,1829729
19-11-2018,1899,1907.349976,1864.300049,1902.449951,1711.313843,1740628
20-11-2018,1902,1902,1874.199951,1878.25,1689.545776,1190182
21-11-2018,1871,1871.050049,1798.550049,1812,1629.951416,3840461
22-11-2018,1820,1847.599976,1809.949951,1812.550049,1630.446167,3194219
26-11-2018,1819,1860,1784.5,1846.099976,1660.625366,4333177
27-11-2018,1854,1897.900024,1835.349976,1890.25,1700.339844,3344839
28-11-2018,1889,1989,1882.5,1983.900024,1784.581055,5313249
29-11-2018,1997,1997,1942.550049,1960.550049,1763.577148,4035441
30-11-2018,1966,1991,1959.849976,1968.25,1770.503052,5268901
03-12-2018,1984,1990,1968.300049,1982.400024,1783.231689,1610576
04-12-2018,1983,2019.400024,1971,2010.849976,1808.823364,3270615
05-12-2018,2006,2018,1985,2006.75,1805.134888,2501539
06-12-2018,1998,2017,1979.599976,1992.699951,1792.496826,2321216
07-12-2018,1985.050049,2003.900024,1973,1995.199951,1794.745728,1680420
10-12-2018,1975,2011,1960,1975.800049,1777.294922,2010786
11-12-2018,1970,2010,1961,2000,1799.063354,2942014
12-12-2018,2001.099976,2022,1984.949951,2016.800049,1814.175659,2219993
13-12-2018,2024,2029.699951,1974.5,1982.599976,1783.411743,3748429
14-12-2018,1983,1998.949951,1975.25,1989.75,1789.843262,2473761
17-12-2018,1999,2004.900024,1985,1994.300049,1793.936279,1227921
18-12-2018,1991.900024,2002,1976.400024,1987.849976,1788.134155,1768742
19-12-2018,1984.800049,1984.800049,1960.050049,1968.449951,1770.683105,2498833
20-12-2018,1953.800049,1974.900024,1946,1954.050049,1757.72998,1940277
21-12-2018,1948,1950,1886.550049,1895.800049,1705.332275,3729956
24-12-2018,1905.800049,1938.900024,1905,1918.5,1725.751709,1864116
26-12-2018,1921.800049,1921.800049,1870.25,1889.199951,1699.395264,2446614
27-12-2018,1909,1941.699951,1872.099976,1908.949951,1717.161133,4968201
28-12-2018,1915,1920,1893,1896.050049,1705.557251,2239130
31-12-2018,1908,1909,1886.150024,1893.050049,1702.858521,1879740
01-01-2019,1896,1910,1885,1902.800049,1711.629272,1094883
02-01-2019,1905,1934.449951,1900,1923.300049,1730.069214,2100463
03-01-2019,1919,1944.949951,1893.099976,1899.949951,1709.065186,2611668
04-01-2019,1900,1901.199951,1841,1876.849976,1688.285889,4280862
07-01-2019,1891.800049,1908.800049,1881,1897.900024,1707.221069,1856423
08-01-2019,1905.400024,1906.400024,1883.300049,1893.550049,1703.30835,1691756
09-01-2019,1907.400024,1919,1866.699951,1886.949951,1697.371216,2414376
10-01-2019,1890,1905,1872.099976,1888.550049,1698.810669,3053461
11-01-2019,1870,1875,1835,1842.550049,1657.432251,9209862
14-01-2019,1850,1851,1810,1813.25,1631.075806,3615370
15-01-2019,1810,1869.349976,1808,1867.800049,1680.14502,7711653
16-01-2019,1870,1875,1847,1870.150024,1682.259033,2359280
17-01-2019,1878,1898,1871.300049,1894.300049,1707.635498,2625816
18-01-2019,1881,1904.199951,1876,1900.650024,1713.359619,1683728
21-01-2019,1902,1932,1895.449951,1908.699951,1720.616211,2409803
22-01-2019,1907.099976,1918.25,1890,1901.900024,1714.486328,2457093
23-01-2019,1901,1906.099976,1870,1875.599976,1690.778076,2578169
24-01-2019,1884.800049,1905.25,1875,1901.550049,1714.170898,1962927
25-01-2019,1902,1935,1901,1920.800049,1731.523804,2327080
28-01-2019,1933,1962,1925.5,1955,1762.353882,2769033
29-01-2019,1962,1989.050049,1936.650024,1982.75,1787.369507,2557626
30-01-2019,1979.599976,1989.5,1954.650024,1981.400024,1786.152222,2429575
31-01-2019,1987,2019.75,1985,2014.099976,1815.630249,4094319
01-02-2019,2009.5,2034.75,1998.099976,2029.949951,1829.918457,3064163
04-02-2019,2029.949951,2055.449951,2023,2050.25,1848.217773,1590764
05-02-2019,2050,2055,2028,2044.550049,1843.079468,1111404
06-02-2019,2049.899902,2086.850098,2041.050049,2074.800049,1870.348999,1789812
07-02-2019,2074.75,2097.949951,2067,2082.899902,1877.650269,1339945
08-02-2019,2075,2089.5,2051,2061.399902,1858.269165,1684474
11-02-2019,2060,2096,2048.899902,2065.899902,1862.325317,1778730
12-02-2019,2070,2070,2018,2051.600098,1849.434937,2422903
14-02-2019,2060.050049,2075,2033.050049,2044.599976,1843.124634,1724085
15-02-2019,2049,2052,2010.949951,2029.699951,1829.692749,1930065
18-02-2019,2037.599976,2041.949951,1962.650024,1970.300049,1776.14624,2942184
19-02-2019,1970,1971,1892,1904.800049,1717.100708,4408554
20-02-2019,1915,1933.800049,1881.300049,1914.75,1726.070313,4645778
21-02-2019,1914.75,1940,1897.050049,1914.199951,1725.574097,4683919
22-02-2019,1917.199951,1930,1905.099976,1925.650024,1735.896362,2271955
25-02-2019,1932.5,1990,1930.5,1985.150024,1789.532959,2934880
26-02-2019,1984,2045.150024,1972.25,2038.699951,1837.806274,6453309
27-02-2019,2040,2074.949951,2022,2058.100098,1855.294556,4732082
28-02-2019,2060,2071.350098,1977.599976,1983.449951,1788.000366,8454295
01-03-2019,1995.050049,2005,1980.349976,1995.400024,1798.772583,4148548
05-03-2019,2005,2007,1976.599976,1988.099976,1792.192139,2449622
06-03-2019,1989.300049,2015,1985.050049,1999.599976,1802.559082,2635047
07-03-2019,2005,2024.050049,2000.199951,2013.300049,1814.908936,2539884
08-03-2019,2025,2033,2010.050049,2022.699951,1823.38269,2031071
11-03-2019,2028.900024,2033,2003.650024,2014.800049,1816.261353,3111689
12-03-2019,2014.050049,2024.800049,2003,2012.449951,1814.142822,2658550
13-03-2019,2013,2015.900024,1978.599976,2000.5,1803.370483,1833163
14-03-2019,2004.949951,2007.800049,1981,1987.400024,1791.561523,1905495
15-03-2019,1998.900024,2068.949951,1991,2039.949951,1838.932739,5184318
18-03-2019,2043,2064.600098,2011,2022.800049,1823.472656,2349915
19-03-2019,2030,2030,1995.099976,2022.800049,1823.472656,2373993
20-03-2019,2028,2044.800049,2000,2015.050049,1816.48645,3091165
22-03-2019,2015,2016,1983.300049,2005.650024,1808.012817,3148149
25-03-2019,2007.800049,2007.800049,1977.199951,1984.25,1788.721802,2429205
26-03-2019,1984,1994.949951,1958.050049,1982.650024,1787.279053,2316539
27-03-2019,1994,1998,1961,1967.900024,1773.982544,2266166
28-03-2019,1980,2014.599976,1972.800049,2000.300049,1803.189941,4054489
01-04-2019,2010,2039.949951,2008.25,2031.650024,1831.450806,2095740
02-04-2019,2037.099976,2086,2037,2079.300049,1874.405518,3719663
03-04-2019,2085,2089.600098,2058.100098,2079.300049,1874.405518,2939886
04-04-2019,2078.149902,2079.699951,2007.400024,2014.5,1815.990723,4397518
05-04-2019,2028.650024,2054.399902,2018.800049,2048.300049,1846.459961,3152103
08-04-2019,2059,2075,2032.699951,2070.75,1866.697876,2194294
09-04-2019,2070,2098,2057.649902,2091.5,1885.402954,2690970
10-04-2019,2083,2085.5,2036,2040.25,1839.203247,3313062
11-04-2019,2045,2055,2013.650024,2019.5,1820.498047,3422442
12-04-2019,2038,2039,2007,2014.5,1815.990723,3198471
15-04-2019,2070,2119.800049,2041,2113.300049,1905.05481,9189201
16-04-2019,2120,2155.949951,2115.550049,2131.800049,1921.732178,5771952
18-04-2019,2149.899902,2155,2114.199951,2150.050049,1938.183838,3413728
22-04-2019,2148,2176,2145.600098,2161.449951,1948.460205,2007135
23-04-2019,2163,2165.5,2134.050049,2155.050049,1942.690674,2163524
24-04-2019,2158,2195,2156.100098,2183.449951,1968.292358,3003071
25-04-2019,2175,2205,2168.050049,2195,1978.704224,4211526
26-04-2019,2203,2243.949951,2193.149902,2238.550049,2017.962769,2716958
30-04-2019,2238.550049,2266.949951,2230.100098,2260.350098,2037.614258,3488395
02-05-2019,2255,2259.399902,2211.100098,2215.399902,1997.094238,2457699
03-05-2019,2185,2186.050049,2125,2132,1921.912231,3780886
06-05-2019,2110,2165,2108.5,2157.850098,1945.215454,2891422
07-05-2019,2160.050049,2184.350098,2138.800049,2151.949951,1939.896606,2201698
08-05-2019,2151,2168,2130.399902,2152.850098,1940.707886,1824895
09-05-2019,2145,2184.100098,2136.100098,2172.550049,1958.466187,2264162
10-05-2019,2175,2192,2125.850098,2135.800049,1925.337646,2039633
13-05-2019,2133,2167,2121.649902,2128.75,1918.982666,1701744
14-05-2019,2135,2159.800049,2072.350098,2092.350098,1886.169434,2456110
15-05-2019,2097,2124,2084.5,2095.399902,1888.918701,2346876
16-05-2019,2096,2124,2077.050049,2108.75,1900.953125,1946529
17-05-2019,2112.600098,2135,2090,2095.449951,1888.964233,1947908
20-05-2019,2125,2151.399902,2050,2143.949951,1932.68457,2625116
21-05-2019,2148.050049,2148.699951,2102.550049,2109.75,1901.854858,1863157
22-05-2019,2110,2121.949951,2075,2081.75,1876.614014,2595795
23-05-2019,2098,2115.350098,2050,2054.050049,1851.643433,2541294
24-05-2019,2070,2070,2032.25,2048,1846.189575,2274208
27-05-2019,2054.800049,2068.949951,2040.099976,2055.149902,1852.635132,2329820
28-05-2019,2060,2097.5,2045,2073.75,1869.401978,5872979
29-05-2019,2080,2123.699951,2077.100098,2107.550049,1899.871582,3281320
30-05-2019,2123,2156.550049,2114.399902,2146.300049,1934.803101,4971725
31-05-2019,2160,2204.949951,2152.25,2196.550049,1980.101685,4265370
03-06-2019,2201,2247.649902,2185.649902,2242.300049,2021.343262,3682419
04-06-2019,2224,2224,2175,2183.100098,1983.903076,2408658
06-06-2019,2199,2199,2152,2166.100098,1968.453979,3735467
07-06-2019,2174,2189.800049,2142.100098,2181.75,1982.675781,2659446
10-06-2019,2196.699951,2235.850098,2185.5,2231.5,2027.886475,2080593
11-06-2019,2237,2263.949951,2231,2252.800049,2047.243164,3048937
12-06-2019,2245,2266.899902,2219,2260.899902,2054.604004,2404448
13-06-2019,2264,2285,2243.050049,2254.100098,2048.424561,3320916
14-06-2019,2257.25,2263.100098,2234,2254.5,2048.787354,2131408
17-06-2019,2256,2262,2241.449951,2249.199951,2043.97168,1489497
18-06-2019,2244,2260,2231.199951,2250.850098,2045.470459,1877447
19-06-2019,2255,2276,2243.149902,2259.899902,2053.694824,1652817
20-06-2019,2230,2284,2212,2277.949951,2070.0979,2199377
21-06-2019,2285,2292.5,2242,2249.850098,2044.56189,3871804
24-06-2019,2254.149902,2280,2250.800049,2275.5,2067.871338,1382424
25-06-2019,2270,2274.449951,2250.5,2267.800049,2060.874023,1386077
26-06-2019,2265,2266.800049,2250,2254.199951,2048.515137,1762224
27-06-2019,2255,2264,2241.300049,2252.550049,2047.016113,2813464
28-06-2019,2260,2261.949951,2222.5,2227.199951,2023.978882,2372928
01-07-2019,2235,2255,2206.600098,2239.550049,2035.202271,2769940
02-07-2019,2244.899902,2257,2216.449951,2252.100098,2046.606934,1771746
03-07-2019,2252.199951,2258.800049,2232,2237.649902,2033.474854,1656881
04-07-2019,2234,2252,2230.100098,2242.649902,2038.019043,984140
05-07-2019,2247,2250,2140,2163.100098,1965.727661,4088470
08-07-2019,2149,2188.800049,2132.100098,2175.399902,1976.904907,2788062
09-07-2019,2174,2174.399902,2104.550049,2133.350098,1938.692383,3977224
10-07-2019,2080,2127.850098,2071.300049,2108.199951,1915.836792,6343581
11-07-2019,2128,2129,2086.050049,2102.550049,1910.702393,2400346
12-07-2019,2102.100098,2119.75,2093.100098,2107.600098,1915.291748,1560725
15-07-2019,2125,2153.600098,2098,2145.699951,1949.914795,2900415
16-07-2019,2126,2132.5,2100,2106,1918.307495,2735399
17-07-2019,2108,2125,2092.100098,2117.25,1928.555298,1802969
18-07-2019,2116.199951,2116.199951,2060,2065.949951,1881.827026,3072096
19-07-2019,2077,2097,2062.5,2076.949951,1891.846558,1953177
22-07-2019,2077,2117.449951,2068.800049,2109.899902,1921.859985,1920167
23-07-2019,2127.899902,2130,2102.399902,2112.449951,1924.182983,3538588
24-07-2019,2110,2120.800049,2076.5,2096.800049,1909.927612,2413196
25-07-2019,2108.899902,2135,2092.550049,2127.899902,1938.256226,2544464
26-07-2019,2129.800049,2129.800049,2095,2109.050049,1921.085938,1720592
29-07-2019,2110.800049,2142,2103.300049,2130,1940.168823,1647090
30-07-2019,2130,2185,2120.449951,2179.149902,1984.937866,2851672
31-07-2019,2171.75,2211.699951,2147.149902,2205.699951,2009.12207,3000677
01-08-2019,2200,2217.5,2166.25,2180.050049,1985.758545,2375236
02-08-2019,2173,2210,2165.5,2205.300049,2008.757568,2500816
05-08-2019,2199.899902,2252.25,2195.600098,2248.600098,2048.199463,3039682
06-08-2019,2232.800049,2251.949951,2211.449951,2214.899902,2017.502319,2885467
07-08-2019,2230,2238.5,2207.25,2213.449951,2016.181641,2165362
08-08-2019,2228.899902,2281,2218.899902,2258.100098,2056.852051,2073298
09-08-2019,2260,2267.899902,2241.350098,2246.25,2046.05896,1744550
13-08-2019,2245,2246.25,2194.300049,2199.449951,2003.429321,1647281
14-08-2019,2181.100098,2217.850098,2167.399902,2204.399902,2007.938232,1945002
16-08-2019,2241.399902,2241.399902,2143.25,2165.100098,1972.140869,3755507
19-08-2019,2180,2186,2157.699951,2163,1970.227661,974884
20-08-2019,2172,2205,2166.5,2186.75,1991.86084,1843611
21-08-2019,2184.949951,2202,2182.25,2186.199951,1991.360229,1214408
22-08-2019,2187,2235.649902,2170,2216,2018.503906,2131601
23-08-2019,2214.949951,2259.899902,2213.899902,2247.699951,2047.37915,2826425
26-08-2019,2247,2282,2225,2276.300049,2073.429688,2345475
27-08-2019,2270,2274.850098,2229,2236.5,2037.177368,3432106
28-08-2019,2240,2252.149902,2216,2239.25,2039.681763,1294621
29-08-2019,2222.199951,2248.199951,2222.199951,2233.449951,2034.399292,1670652
30-08-2019,2241,2266,2218,2259.600098,2058.218506,2583625
03-09-2019,2270,2296.199951,2236.949951,2251.600098,2050.931885,2545060
04-09-2019,2265,2270,2233,2245.399902,2045.284058,2228092
05-09-2019,2242.199951,2253.649902,2207.300049,2215.300049,2017.866943,2055943
06-09-2019,2216,2233.5,2192.600098,2197.5,2001.652954,1890550
09-09-2019,2200,2202.850098,2179.800049,2182.850098,1988.30896,1703945
11-09-2019,2186,2195,2146.550049,2154,1962.029907,2627440
12-09-2019,2155,2165,2120.350098,2133.600098,1943.447876,2118859
13-09-2019,2135,2157.949951,2115.550049,2141.949951,1951.053711,2291174
16-09-2019,2159.949951,2173.399902,2126.399902,2150,1958.386353,2597948
17-09-2019,2154.949951,2156.550049,2105.600098,2122.649902,1933.474365,2796530
18-09-2019,2126.399902,2142.949951,2113.149902,2138.550049,1947.956909,1454663
19-09-2019,2135,2135.800049,2091,2101.949951,1914.619019,1652691
20-09-2019,2104.899902,2129.399902,2057,2065.449951,1881.371704,6941979
23-09-2019,2099,2099,1975,2015.800049,1836.146729,6323401
24-09-2019,2015,2061,2013,2044.699951,1862.470947,4620978
25-09-2019,2065,2092,2060.050049,2088.449951,1902.321777,4002232
26-09-2019,2097.899902,2107,2063,2087.600098,1901.547485,4234281
27-09-2019,2085,2085.199951,2051.399902,2056.149902,1872.900146,2046795
30-09-2019,2061.850098,2104,2060,2099.300049,1912.204834,2620039
01-10-2019,2095.949951,2095.949951,2039.699951,2059.949951,1876.361938,3342877
03-10-2019,2070,2081.149902,2046.150024,2060.25,1876.635254,2317618
04-10-2019,2060.600098,2087.949951,2054.949951,2079.350098,1894.033081,2163251
07-10-2019,2080,2094.5,2041,2047.699951,1865.203613,2177916
09-10-2019,2060,2060,2015.5,2020.099976,1840.063354,2066920
10-10-2019,2028,2039.050049,1997.099976,2004.449951,1825.808105,2881452
11-10-2019,1931,1995,1925,1986.849976,1809.776733,12593069
14-10-2019,1995,2032.75,1968,2021,1840.883301,3510704
15-10-2019,2032,2047,2022.699951,2037.300049,1855.730469,2261310
16-10-2019,2038,2056,2016,2046.400024,1864.019653,3034082
17-10-2019,2014,2038,1999.300049,2030.949951,1886.827026,3818774
18-10-2019,2037.5,2063.899902,2025,2057.350098,1911.354004,3087901
22-10-2019,2080,2111.5,2040.050049,2051.399902,1905.825928,5552505
23-10-2019,2060,2083.850098,2052.5,2070.100098,1923.198975,2348134
24-10-2019,2084,2099,2061.300049,2082,1934.254639,2798671
25-10-2019,2094,2130,2075.050049,2124.949951,1974.156982,3954245
27-10-2019,2129,2129,2108.800049,2115.699951,1965.562988,224405
29-10-2019,2121.5,2201.699951,2121.5,2194.850098,2039.09668,5064173
30-10-2019,2225,2260,2176.850098,2252.800049,2092.93457,5195136
31-10-2019,2250,2284.949951,2237,2269.649902,2108.587891,4879261
01-11-2019,2264,2275,2195,2200.899902,2044.716919,4172620
04-11-2019,2207,2229.199951,2180.899902,2193.949951,2038.260254,2646411
05-11-2019,2197,2211,2169,2201.850098,2045.599487,2693475
06-11-2019,2200,2210.800049,2179,2188.5,2033.197632,2540719
07-11-2019,2204.5,2204.5,2175.199951,2185.350098,2030.270508,1915598
08-11-2019,2189.600098,2189.600098,2124,2129.949951,1978.801758,2788759
11-11-2019,2135,2139,2091,2100.949951,1951.860229,2983768
13-11-2019,2118,2183.800049,2118,2178.600098,2023.99939,3823365
14-11-2019,2187.5,2200,2146.699951,2196.800049,2040.908081,2995915
15-11-2019,2196,2211.5,2168.75,2174.449951,2020.143677,2724180
18-11-2019,2178.399902,2187.75,2148.75,2152.600098,1999.844971,1611089
19-11-2019,2153,2154.649902,2105,2108.800049,1959.152832,2975313
20-11-2019,2121.949951,2135,2094.5,2108.550049,1958.920532,2894129
21-11-2019,2112,2126.600098,2107.399902,2118.100098,1967.792969,2052574
22-11-2019,2097,2107,2060.5,2071.699951,1924.685425,3742049
25-11-2019,2074.550049,2084.949951,2052.199951,2081.5,1933.789917,2737010
26-11-2019,2089.850098,2097.899902,2035.050049,2046.650024,1901.41333,6561580
27-11-2019,2052,2071.699951,2046.550049,2054.300049,1908.520508,2907521
28-11-2019,2067.050049,2094.399902,2060,2077.350098,1929.93457,2924429
29-11-2019,2085,2085,2045.800049,2053.25,1907.5448,2064271
02-12-2019,2060,2067.699951,2016,2021.050049,1877.629883,3809860
03-12-2019,2027.699951,2062,2010,2051,1905.45459,4664774
04-12-2019,2053,2082,2045.5,2078.5,1931.003174,3334301
05-12-2019,2083,2126.800049,2068.350098,2121.300049,1970.765747,3902721
06-12-2019,2124,2128,2101,2123.600098,1972.902832,1829461
09-12-2019,2127.949951,2127.949951,2053.5,2060.449951,1914.233643,2244747
10-12-2019,2060,2060.850098,2003.25,2012.849976,1870.011719,4520045
11-12-2019,2025.400024,2048,2006.75,2041.900024,1897.000366,4943024
12-12-2019,2051.100098,2083.649902,1984,2020.900024,1877.490479,7137306
13-12-2019,2023,2077.399902,2007,2071.25,1924.267334,5711133
16-12-2019,2096,2136,2080.300049,2126.75,1975.828857,5574177
17-12-2019,2126.5,2169,2119,2164.949951,2011.317871,6059673
18-12-2019,2174,2203.449951,2153,2167.75,2013.919556,8251081
19-12-2019,2179.800049,2236.5,2167.550049,2229.050049,2070.869385,6251505
20-12-2019,2220,2246.699951,2208.25,2222.899902,2065.155518,5548338
23-12-2019,2210,2241.949951,2210,2231.699951,2073.331543,2247329
24-12-2019,2239,2243.550049,2211.149902,2215.600098,2058.374268,1805896
26-12-2019,2216.399902,2229,2195.199951,2201.949951,2045.692261,1880367
27-12-2019,2208,2226.399902,2176,2198.5,2042.487671,2720261
30-12-2019,2207,2225,2177.100098,2183.199951,2028.273315,2288830
31-12-2019,2189,2197,2157.449951,2161.699951,2008.298828,1909289
01-01-2020,2168,2183.899902,2154,2167.600098,2013.780273,1354908
02-01-2020,2179.949951,2179.949951,2149.199951,2157.649902,2004.536499,2380752
03-01-2020,2164,2223,2164,2200.649902,2044.484497,4655761
06-01-2020,2205,2225.949951,2187.899902,2200.449951,2044.298828,3023209
07-01-2020,2200.5,2214.649902,2183.800049,2205.850098,2049.316406,2429317
08-01-2020,2205,2260,2202.050049,2255.25,2095.210449,5197454
09-01-2020,2248.75,2251.949951,2210,2214.350098,2057.212891,3734173
10-01-2020,2228,2234,2208,2213.550049,2056.469971,1915807
13-01-2020,2217.850098,2218.949951,2184.699951,2190.350098,2034.915527,2843893
14-01-2020,2195,2229.800049,2195,2206.899902,2050.29126,2948452
15-01-2020,2213,2231,2194.199951,2226.899902,2068.871582,2620681
16-01-2020,2226.949951,2249,2215,2238.800049,2079.927734,3117214
17-01-2020,2240.75,2253.550049,2213,2219.100098,2061.625732,3281059
20-01-2020,2194.899902,2242.199951,2156.199951,2170.350098,2016.335449,5817599
21-01-2020,2169.949951,2186.550049,2158.050049,2171.050049,2016.98584,1902980
22-01-2020,2181,2210,2173.699951,2206.899902,2050.29126,1773686
23-01-2020,2209.800049,2217.75,2183.699951,2190.949951,2040.095215,2069866
24-01-2020,2190.949951,2190.949951,2170,2183.399902,2033.065063,1319430
27-01-2020,2189.699951,2193.449951,2165,2169.25,2019.88916,1549101
28-01-2020,2174,2187.800049,2152,2183.75,2033.391235,1743024
29-01-2020,2185,2186.949951,2150,2154.600098,2006.248535,2306761
30-01-2020,2160,2165,2125,2137.850098,1990.651733,2098567
31-01-2020,2139.399902,2144.350098,2071.600098,2079.050049,1935.900024,3287223
03-02-2020,2152,2194.699951,2093.199951,2102.5,1957.73584,4728073
04-02-2020,2129,2136.699951,2086.600098,2107.75,1962.624023,3509339
05-02-2020,2115,2156.699951,2104.300049,2146.550049,1998.752808,2439322
06-02-2020,2145,2174.199951,2115.5,2128.350098,1981.805664,2640065
07-02-2020,2139,2151,2119,2136.550049,1989.44104,2083442
10-02-2020,2140.899902,2167,2119,2161.949951,2013.091797,2383032
11-02-2020,2163,2174.800049,2147.600098,2153.399902,2005.130737,1335820
12-02-2020,2151.100098,2185,2150,2170.75,2021.286621,1620407
13-02-2020,2172.949951,2197,2171,2191.949951,2041.026611,1645948
14-02-2020,2188,2212,2171,2184.199951,2033.810303,1500115
17-02-2020,2196.949951,2217,2190.199951,2203.25,2051.548096,1774724
18-02-2020,2199.949951,2221,2186.050049,2215.75,2063.188232,2486223
19-02-2020,2215.75,2230,2190.5,2196.350098,2045.123901,1760463
20-02-2020,2204.5,2214.399902,2151.25,2156.800049,2008.296387,2317278
24-02-2020,2156,2178.949951,2106.699951,2115.350098,1969.700562,3092877
25-02-2020,2115.5,2176.649902,2111,2156.149902,2007.69165,2674567
26-02-2020,2154,2163.899902,2112.949951,2123.600098,1977.382813,2686842
27-02-2020,2119.949951,2119.949951,2086.199951,2105.5,1960.528687,2349001
28-02-2020,2068,2069.5,1990,2000.150024,1862.432617,4298076
02-03-2020,2035,2053.949951,1985.699951,2001.300049,1863.503296,2667076
03-03-2020,2020,2060,2012,2036.199951,1896.000244,2757585
04-03-2020,2056,2094.449951,2025,2083.199951,1939.764282,3237002
05-03-2020,2085.699951,2147.75,2084.050049,2125.050049,1978.733032,3937056
06-03-2020,2098,2123.649902,2071.600098,2116.449951,1970.724731,2595027
09-03-2020,2075,2079.899902,1935,1972.349976,1836.546753,4940975
11-03-2020,1933,1987.300049,1920,1953.699951,1819.180786,6796449
12-03-2020,1904,1908.400024,1758.349976,1769.849976,1647.989502,8728786
13-03-2020,1687.900024,1820,1506.050049,1806.300049,1681.929932,8029720
16-03-2020,1755,1842.25,1675.849976,1696.400024,1579.597046,7844271
17-03-2020,1730,1731,1623.150024,1658,1543.840698,5713248
18-03-2020,1676.800049,1713.550049,1627.75,1654.400024,1540.488403,7258778
19-03-2020,1559.699951,1685.449951,1546.75,1636.349976,1534.814087,5135111
20-03-2020,1630,1869,1627,1797.449951,1685.917725,8547498
23-03-2020,1620,1750,1617.75,1669.699951,1566.094727,7003490
24-03-2020,1653.050049,1770,1632.849976,1703.150024,1597.469116,6350865
25-03-2020,1700,1810,1680,1750.300049,1641.693481,2765520
26-03-2020,1831.599976,1832.050049,1722.550049,1790.949951,1679.821045,4556067
27-03-2020,1820,1850,1750.400024,1824.5,1711.289185,4331250
30-03-2020,1766,1905,1763.550049,1778.5,1668.143677,8513547
31-03-2020,1837.400024,1855,1780,1826.099976,1712.790039,3927593
01-04-2020,1825.900024,1834.75,1702,1708.75,1602.721558,4941878
03-04-2020,1740,1740,1650,1654.199951,1551.556519,5735369
07-04-2020,1710,1785.849976,1705,1775.199951,1665.04834,5427577
08-04-2020,1760,1806,1701,1705.449951,1599.626099,6285615
09-04-2020,1750.449951,1778.800049,1731.199951,1766.150024,1656.560181,5307397
13-04-2020,1761,1787,1746,1759.25,1650.088257,2990438
15-04-2020,1785,1812,1727.800049,1735.150024,1627.483521,4761399
16-04-2020,1709.949951,1764.900024,1675.050049,1716.050049,1609.568726,6245533
17-04-2020,1800,1851.949951,1753,1806.199951,1694.125,9895823
20-04-2020,1830,1830,1802.5,1818.650024,1705.80249,3244282
21-04-2020,1765,1794.599976,1727.699951,1737.650024,1629.828369,5122541
22-04-2020,1737.650024,1790,1719.150024,1769.5,1659.702148,3829836
23-04-2020,1780,1900,1760.849976,1878.25,1761.704346,5934366
24-04-2020,1840.699951,1851.949951,1807.800049,1818.550049,1705.708374,2987102
27-04-2020,1832.300049,1875,1825,1836.599976,1722.638428,3374741
28-04-2020,1865,1868,1832.599976,1859.050049,1743.695801,2678505
29-04-2020,1874,1912.550049,1850.050049,1905.650024,1787.403931,4241510
30-04-2020,1980,2032,1942.199951,2014.449951,1889.453125,5915544
04-05-2020,1966,1966,1913.650024,1930.449951,1810.664917,3729348
05-05-2020,1955.099976,1977,1927,1932.75,1812.822266,2905528
06-05-2020,1939.800049,1953.699951,1893.599976,1903.599976,1785.481323,3517431
07-05-2020,1910,1934.449951,1883.349976,1891.650024,1774.272583,3166754
08-05-2020,1939.099976,1939.5,1886.25,1893.400024,1775.914063,2686530
11-05-2020,1909,1951.400024,1909,1935.300049,1815.214478,2449841
12-05-2020,1933.400024,1956.5,1910.25,1949.5,1828.532959,3256595
13-05-2020,1994,1994,1925.650024,1949.650024,1828.673706,2656665
14-05-2020,1910,1923.099976,1891.099976,1902.349976,1784.308716,2263146
15-05-2020,1916,1917.400024,1865.199951,1892.900024,1775.445068,3173682
18-05-2020,1907,1952.949951,1872.099976,1945.599976,1824.874756,3727694
19-05-2020,1903,1966.449951,1903,1948.650024,1827.73584,3198693
20-05-2020,1950,1962.900024,1931.699951,1953.599976,1832.378906,2778505
21-05-2020,1946,1998,1941.150024,1991.199951,1867.64563,3400908
22-05-2020,1977.099976,2032,1961.25,2020.349976,1894.986816,3663418
26-05-2020,2015,2024,1925,1943,1822.436401,4575317
27-05-2020,1959,2010,1941.25,2005.300049,1880.870605,3482160
28-05-2020,1988.5,2014,1971.300049,2004.300049,1879.932983,3475681
29-05-2020,1982,2002.650024,1962.400024,1972.349976,1849.965332,7237735
01-06-2020,1990,2060,1981.099976,2045.25,1918.341675,3747773
02-06-2020,2060.199951,2081,2040.050049,2047.150024,1920.123901,2443886
03-06-2020,2051.850098,2063.75,2020,2046.150024,1924.827393,3699799
04-06-2020,2046.75,2100,2046.75,2091.550049,1967.535522,4048593
05-06-2020,2091.600098,2098,2040.300049,2048.25,1926.802856,3573289
08-06-2020,2078.25,2095,2062.100098,2071.75,1948.909424,2957841
09-06-2020,2063.100098,2095.5,2060.25,2072.050049,1949.19165,2909439
10-06-2020,2077.050049,2132,2073.5,2108.75,1983.715454,5168397
11-06-2020,2100,2105,2061.800049,2067.649902,1945.052734,2269513
12-06-2020,2011.199951,2049.199951,2011,2039.5,1918.571777,2842642
15-06-2020,2039.099976,2059,2000.949951,2029.900024,1909.541016,2399022
16-06-2020,2065,2073.949951,2031,2045.800049,1924.498169,2146528
17-06-2020,2046,2058.850098,2026.550049,2047.800049,1926.379639,2703527
18-06-2020,2045,2059.199951,2025.199951,2038.099976,1917.254639,1944389
19-06-2020,2042,2090,2032,2044.599976,1923.369141,5681758
22-06-2020,2050,2052.25,2019.150024,2027.949951,1907.706299,3196138
23-06-2020,2027,2044,2010,2035.300049,1914.620728,4205944
24-06-2020,2034,2064.25,2031.599976,2042.199951,1921.111572,2560937
25-06-2020,2035,2060,2009.25,2016.099976,1896.559204,3043931
26-06-2020,2025,2132,2019.949951,2118.850098,1993.216675,6300722
29-06-2020,2108,2127.600098,2091.300049,2101.649902,1977.036499,3076341
30-06-2020,2100,2111.899902,2075.050049,2082.149902,1958.692627,3071725
01-07-2020,2079.699951,2113.949951,2079.5,2092.050049,1968.005615,2503466
02-07-2020,2102,2165,2098,2157.149902,2029.245728,3758699
03-07-2020,2163.649902,2205,2160.25,2199.649902,2069.22583,4185208
06-07-2020,2205,2269.899902,2205,2263.199951,2129.008057,5190366
07-07-2020,2275,2302.699951,2232.149902,2269.899902,2135.310059,5630055
08-07-2020,2270,2274.399902,2207.600098,2218.899902,2087.334717,2793358
09-07-2020,2229,2244.5,2191.050049,2204.350098,2073.647217,3443998
10-07-2020,2205.25,2249.850098,2176,2222.350098,2090.580078,9610320
13-07-2020,2220,2244.949951,2210,2220,2088.368652,2963503
14-07-2020,2210,2239,2165,2171.949951,2043.168091,2976738
15-07-2020,2185,2260,2181.100098,2233.899902,2101.444824,5569321
16-07-2020,2244,2333,2220.100098,2234.75,2106.960938,8582118
17-07-2020,2237,2243.899902,2190.050049,2200.75,2074.904785,4509135
20-07-2020,2201,2226.899902,2190.800049,2207.899902,2081.645752,2952646
21-07-2020,2230,2238.649902,2201.149902,2225.050049,2097.81543,2665286
22-07-2020,2231,2231,2184.199951,2190.949951,2065.665039,2861534
23-07-2020,2190.949951,2190.949951,2163,2171.199951,2047.044312,2265766
24-07-2020,2154.5,2163,2125.100098,2157.399902,2034.033081,3665100
27-07-2020,2165,2215,2163.5,2206.800049,2080.608398,4248480
28-07-2020,2215,2320,2215,2309.75,2177.671875,8092319
29-07-2020,2292,2342,2246.050049,2276.050049,2145.89917,6090431
30-07-2020,2285.899902,2358,2272.25,2279.5,2149.151367,7098496
31-07-2020,2303.149902,2334.800049,2257.449951,2281.399902,2150.942871,4723290
03-08-2020,2290.449951,2303.850098,2230.699951,2254.149902,2125.250977,4012337
04-08-2020,2259.949951,2269.649902,2225.050049,2249.699951,2121.055664,2927928
05-08-2020,2260,2300,2253,2259.5,2130.29541,3800641
06-08-2020,2275,2319.5,2265.350098,2308.100098,2176.115967,4748047
07-08-2020,2308,2328,2287,2295.350098,2164.095459,3165491
10-08-2020,2318,2325,2276.050049,2282.800049,2152.263428,2929353
11-08-2020,2283,2312,2275.600098,2279.899902,2149.528564,2774423
12-08-2020,2288.350098,2296.399902,2246.550049,2257.350098,2128.268555,3415751
13-08-2020,2273,2300,2250.5,2254.449951,2125.533936,2695682
14-08-2020,2277,2281.300049,2233.100098,2242.149902,2113.9375,2270405
17-08-2020,2263,2270,2238.25,2253.399902,2124.543945,2625630
18-08-2020,2262.800049,2289,2248.300049,2269.75,2139.959229,3493374
19-08-2020,2276.350098,2284.600098,2252.5,2256.600098,2127.561035,2843005
20-08-2020,2257,2276.550049,2240.050049,2252.850098,2124.026123,2895164
21-08-2020,2260,2271,2241.050049,2248.600098,2120.018555,1975294
24-08-2020,2250.600098,2259.949951,2230,2248.100098,2119.547363,2167966
25-08-2020,2245,2250,2233.550049,2242.649902,2114.40918,1663419
26-08-2020,2242,2259.899902,2216.449951,2253.5,2124.638428,2618149
27-08-2020,2266,2287.350098,2241.75,2248.399902,2119.82959,3579393
28-08-2020,2268.399902,2279.949951,2235.100098,2238.550049,2110.543213,2941136
31-08-2020,2240,2276.199951,2228,2257.25,2128.173828,6018154
01-09-2020,2269,2278,2241.300049,2246.350098,2117.897217,3610908
02-09-2020,2247,2268.75,2241.649902,2265.149902,2135.622314,2084137
03-09-2020,2268,2324,2268,2299.5,2168.008057,4654146
04-09-2020,2275,2324.25,2262.949951,2288.800049,2157.919922,5231303
07-09-2020,2289,2343.5,2283.350098,2327.050049,2193.98291,4620401
08-09-2020,2335.949951,2390.449951,2327.050049,2348.199951,2213.923096,7453998
09-09-2020,2325,2359,2320,2327.649902,2194.547852,3866535
10-09-2020,2335,2348.5,2324.300049,2331.149902,2197.8479,2308813
11-09-2020,2330.949951,2383,2330.149902,2374.100098,2238.342773,4145424
14-09-2020,2384.100098,2505.75,2381.850098,2491.399902,2348.934326,7512131
15-09-2020,2491.399902,2538,2464.600098,2491.399902,2348.934326,7318770
16-09-2020,2488.949951,2507.600098,2477.300049,2503,2359.871582,3074003
17-09-2020,2480,2495.75,2450.600098,2460.949951,2320.225586,4828176
18-09-2020,2485,2500.399902,2436.399902,2449.899902,2309.807617,4183256
21-09-2020,2465,2504.899902,2452.149902,2465.300049,2324.327393,4598809
22-09-2020,2485,2555,2458,2522.949951,2378.680176,7499613
23-09-2020,2510,2519.850098,2409,2467.449951,2326.354004,7502280
24-09-2020,2450,2450,2302.600098,2332.25,2198.885254,8424708
25-09-2020,2368,2440,2352.100098,2422.300049,2283.7854,8228267
28-09-2020,2440,2444,2366,2426.300049,2287.557129,4347166
29-09-2020,2434.850098,2511.050049,2426.300049,2488.399902,2346.105713,6995811
30-09-2020,2489,2505,2460,2492.300049,2349.782959,3917166
01-10-2020,2510,2540,2492.300049,2523.449951,2379.151855,2610337
05-10-2020,2620,2728.100098,2603.050049,2705.800049,2551.074463,17412105
06-10-2020,2736,2736,2650.100098,2714.300049,2559.088379,9846367
07-10-2020,2742,2770,2703,2735.949951,2579.500244,9656101
08-10-2020,2800,2885,2800,2825.699951,2664.11792,19839329
09-10-2020,2810,2829.850098,2780,2812.949951,2652.097412,7739245
12-10-2020,2815.5,2854,2800.75,2830,2668.172363,4623203
13-10-2020,2845,2854.899902,2812.199951,2826.550049,2664.919678,4209878
14-10-2020,2842,2842,2787.550049,2809.600098,2660.23291,4395936
15-10-2020,2811,2827.75,2727,2740.600098,2594.901123,6629355
16-10-2020,2750.100098,2771.649902,2731.300049,2763.300049,2616.394043,5273773
19-10-2020,2774,2774,2706.600098,2711.550049,2567.39502,3331194
20-10-2020,2725,2759.899902,2717.949951,2739,2593.38623,3406273
21-10-2020,2739,2749,2663.050049,2675.399902,2533.167236,4570143
22-10-2020,2661,2686.649902,2638.100098,2671.149902,2529.143066,5262294
23-10-2020,2687.800049,2702,2670.100098,2686.800049,2543.96167,3499091
26-10-2020,2689.949951,2709.949951,2670.5,2688.199951,2545.286621,2672752
27-10-2020,2699.75,2718.149902,2624.100098,2630.149902,2490.322754,3537502
28-10-2020,2650,2655.949951,2606,2622.199951,2482.795654,3569445
29-10-2020,2608,2655,2600.25,2632.649902,2492.689697,3105968
30-10-2020,2636.100098,2674.350098,2621.600098,2664.850098,2523.178223,3427003
02-11-2020,2660,2664.850098,2600.050049,2604.600098,2466.131348,2571196
03-11-2020,2604,2665,2601.050049,2633.600098,2493.5896,2879269
04-11-2020,2610,2721.850098,2610,2653.149902,2512.100342,4893928
05-11-2020,2685,2710,2667,2685.699951,2542.919678,2816502
06-11-2020,2699,2713.25,2681.300049,2707.449951,2563.513672,3884421
09-11-2020,2731.100098,2744,2695.100098,2726.600098,2581.645264,3646592
10-11-2020,2697.199951,2713.149902,2638.350098,2649.600098,2508.739014,4760020
11-11-2020,2667.949951,2692.800049,2643.399902,2687.800049,2544.907959,3242441
12-11-2020,2686,2713,2661.75,2671.050049,2529.048584,2437505
13-11-2020,2655.75,2664.899902,2636,2656.850098,2515.603516,2548093
14-11-2020,2677.949951,2689,2660.050049,2670.350098,2528.385742,298819
17-11-2020,2695,2695,2650.050049,2666.050049,2524.314209,2827273
18-11-2020,2661,2664.199951,2607.050049,2626.649902,2487.009033,2893762
19-11-2020,2637,2676.149902,2630.850098,2636.899902,2496.713867,4167501
20-11-2020,2655,2676,2627.550049,2660.25,2518.822754,2711471
23-11-2020,2690,2730,2665,2724.25,2579.42041,3706418
24-11-2020,2734.399902,2743,2705,2722.050049,2577.337646,3120516
25-11-2020,2729,2732.949951,2688.199951,2701.300049,2557.690674,3302249
26-11-2020,2686,2730.949951,2680,2720.600098,2575.964844,2341099
27-11-2020,2705,2717.699951,2669.050049,2679.649902,2537.191162,6086808
01-12-2020,2679,2735.899902,2624.449951,2726.800049,2581.834717,3605017
02-12-2020,2719,2754.699951,2702.449951,2749.550049,2603.375244,2509032
03-12-2020,2773.899902,2773.899902,2700.800049,2709.449951,2565.407471,2852548
04-12-2020,2710.800049,2738.850098,2699,2727.550049,2582.545166,2686527
07-12-2020,2715,2744,2706.149902,2737.699951,2592.155029,1996400
08-12-2020,2740,2805.550049,2732.449951,2797.300049,2648.586914,4277818
09-12-2020,2815,2840,2793.149902,2810.800049,2661.368896,3659996
10-12-2020,2818,2827.300049,2780.25,2784.300049,2636.278076,2127801
11-12-2020,2792.699951,2807.699951,2764.550049,2783.600098,2635.614746,1795408
14-12-2020,2802,2804,2756.25,2797.699951,2648.965332,2483658
15-12-2020,2786,2794.699951,2755,2761.550049,2614.737061,2365509
16-12-2020,2779,2819.800049,2760.449951,2814.199951,2664.588623,2565149
17-12-2020,2811,2853.699951,2805,2838.199951,2687.312256,2863460
18-12-2020,2868,2898,2846.199951,2861,2708.900391,6076692
21-12-2020,2861,2886.5,2785,2820.149902,2670.221924,2705195
22-12-2020,2834,2883.649902,2818.649902,2872.5,2719.788818,2881737
23-12-2020,2876.050049,2919,2865.449951,2908.75,2754.111328,2790988
24-12-2020,2909,2921.350098,2883.199951,2909.350098,2754.680176,1807144
28-12-2020,2910,2949.699951,2902,2929.399902,2773.663818,2108994
29-12-2020,2920,2952,2920,2930.5,2774.705078,1994151
30-12-2020,2934.399902,2947.699951,2902,2909.300049,2754.632324,2637968
31-12-2020,2900,2905,2845,2862.75,2710.557129,4040956
01-01-2021,2880,2940,2879,2928.25,2772.574707,2681440
04-01-2021,2950,3050.75,2940.949951,3039.449951,2877.863525,5113293
05-01-2021,3039.600098,3114.25,3039.600098,3093,2928.566162,5801309
06-01-2021,3100,3113.5,3037.199951,3051.5,2889.272217,3726716
07-01-2021,3075,3080.850098,3000.25,3032.800049,2871.566406,3717827
08-01-2021,3090,3128,3060,3120.899902,2954.982666,5879039
11-01-2021,3230,3230,3146.550049,3176.449951,3007.580078,9508039
12-01-2021,3176.449951,3210,3150,3174.850098,3006.064941,3611458
13-01-2021,3175,3177,3126.25,3158.949951,2991.010254,3572801
14-01-2021,3155,3266.5,3120.399902,3250.699951,3083.739746,6931542
15-01-2021,3235,3274,3210,3233.350098,3067.281006,4131692
18-01-2021,3250,3256.75,3187.399902,3221.75,3056.276123,4160906
19-01-2021,3233,3279,3232,3260.699951,3093.225586,2975735
20-01-2021,3270,3327.949951,3267.100098,3308.800049,3138.855469,3453446
21-01-2021,3305,3309.149902,3262.100098,3273.850098,3105.700439,2778546
22-01-2021,3241.899902,3325,3241.899902,3303.100098,3133.448242,3052459
25-01-2021,3308.949951,3339.800049,3278.649902,3291.300049,3122.254395,2272887
27-01-2021,3300,3306.449951,3227,3261.050049,3093.558105,2786662
28-01-2021,3230,3275,3183.800049,3196.550049,3032.371094,3083938
29-01-2021,3210.050049,3216.850098,3100,3111.350098,2951.546875,5445659
01-02-2021,3100,3165,3044.100098,3139.350098,2978.108887,3985846
02-02-2021,3174,3224,3150,3203.449951,3038.916748,2881837
03-02-2021,3213,3236,3162.649902,3200.050049,3035.691162,2505866
04-02-2021,3216.050049,3237.850098,3176,3188.449951,3024.687256,2057261
05-02-2021,3198.949951,3205.850098,3129,3157.949951,2995.753418,2366135
08-02-2021,3189.5,3226,3155.149902,3214.100098,3049.019531,2526592
09-02-2021,3195,3245.800049,3164,3176.899902,3013.730225,2658751
10-02-2021,3185,3219.399902,3157.300049,3213.300049,3048.260742,2127983
11-02-2021,3215,3219.300049,3185.050049,3206,3041.335449,1165882
12-02-2021,3184.199951,3245.5,3182,3190.800049,3026.916504,2777404
15-02-2021,3209,3209,3131.550049,3139.850098,2978.58374,2630853
16-02-2021,3150,3167.649902,3100,3108.800049,2949.127686,3435770
17-02-2021,3105.100098,3132.850098,3045.550049,3073.100098,2915.261475,3678426
18-02-2021,3065,3097.899902,3031,3057.350098,2900.320313,4189909
19-02-2021,3058,3087.149902,3016.149902,3071.850098,2914.075684,3725028
22-02-2021,3096,3096,2943.149902,2958.449951,2806.5,5366696
23-02-2021,2970,3028,2968,2980.199951,2827.132813,3832829
24-02-2021,2972,3003.350098,2921.149902,2948.100098,2796.681396,3774549
25-02-2021,2974,3029.899902,2968.449951,2995.300049,2841.457275,4224073
26-02-2021,2960,2972.350098,2880,2894.300049,2745.644775,5553153
01-03-2021,2926,2965,2901.800049,2924.199951,2774.009033,3265871
02-03-2021,2960,3025,2948,3006.350098,2851.940186,3306469
03-03-2021,3035,3064,2996.899902,3059.100098,2901.97998,3509857
04-03-2021,3023,3081.449951,3016.050049,3049.699951,2893.063232,3916760
05-03-2021,3016.100098,3063.199951,2996.600098,3008.050049,2853.552246,3203686
08-03-2021,3016,3033,2996,3006.949951,2852.509033,2003125
09-03-2021,3006.949951,3066.899902,2992.100098,3050.949951,2894.249268,1942397
10-03-2021,3075,3093.199951,3060,3070.949951,2913.22168,3053778
12-03-2021,3075,3117,3041.350098,3057.949951,2900.889404,2938317
15-03-2021,3041,3099,3041,3066.149902,2908.668213,3097083
16-03-2021,3060,3141,3060,3110.050049,2950.313232,4894756
17-03-2021,3105,3155,3085.300049,3112.949951,2953.064697,3838390
18-03-2021,3125.949951,3146.449951,2987.050049,3036.5,2880.541016,3656306
19-03-2021,3030,3099,3005,3050.199951,2893.537354,5776626
22-03-2021,3048.699951,3139.449951,3018.649902,3129.649902,2968.906982,2821646
23-03-2021,3140,3169,3122.850098,3142.600098,2981.192139,3305973
24-03-2021,3111.199951,3152.300049,3111.149902,3121.100098,2960.796143,2207104
25-03-2021,3112.199951,3130.850098,3050,3064.850098,2907.435303,3179786
26-03-2021,3090.649902,3118,3043.050049,3066.800049,2909.285156,3697370
30-03-2021,3083,3188.449951,3060.899902,3158.550049,2996.322998,4694008
31-03-2021,3155,3205,3132,3177.850098,3014.631592,3530069
01-04-2021,3191.100098,3215,3145,3165,3002.440918,4285076
05-04-2021,3171,3263,3151,3238.899902,3072.545654,5317862
06-04-2021,3275,3275,3230,3264.699951,3097.020508,2291562
07-04-2021,3259,3277.550049,3234.800049,3271.399902,3103.376221,2491268
08-04-2021,3270,3335,3266.050049,3317.350098,3146.966553,2578118
09-04-2021,3354,3354.350098,3308,3322.25,3151.614502,2911129
12-04-2021,3322.25,3338.100098,3213.199951,3246.550049,3079.802979,3791828
13-04-2021,3214,3214,3073.050049,3104.050049,2944.621826,8654596
15-04-2021,3160.300049,3237.25,3087.449951,3218.949951,3053.620361,6062760
16-04-2021,3229,3247,3182.600098,3195.149902,3031.042725,3224657
19-04-2021,3169,3189,3135.100098,3161.800049,2999.405518,2679106
20-04-2021,3225,3225.350098,3126.350098,3144.550049,2983.041992,3141893
22-04-2021,3148,3148,3105.25,3118.800049,2958.614258,1988980
23-04-2021,3105,3119,3091.050049,3109.5,2949.792236,1615309
26-04-2021,3102.050049,3153,3088.050049,3100.800049,2941.538574,2490260
27-04-2021,3106,3136.100098,3103,3132,2971.13623,1471417
28-04-2021,3149.949951,3151,3112,3124.100098,2963.64209,1639037
29-04-2021,3145.600098,3157.350098,3105.5,3115.25,2955.246338,1621395
30-04-2021,3099,3132.050049,3020,3035.649902,2879.734619,3072305
03-05-2021,3024.899902,3055,3004,3037,2881.015869,1545831
04-05-2021,3062.800049,3090,3035,3049.75,2893.11084,1990777
05-05-2021,3070,3099.399902,3052.399902,3095.699951,2936.700928,1939289
06-05-2021,3105.5,3134,3074,3111.449951,2951.64209,1791671
07-05-2021,3133,3159.850098,3111.800049,3132.899902,2971.989746,1912540
10-05-2021,3145.949951,3164.199951,3125,3145.5,2983.943115,2137153
11-05-2021,3125,3128.100098,3091.149902,3122.600098,2962.219238,2415625
12-05-2021,3120,3120,3070.600098,3087.600098,2929.016846,1978558
14-05-2021,3098.5,3098.5,3040,3051.5,2894.77124,2043935
17-05-2021,3055,3075.199951,3036,3069.75,2912.083496,2890462
18-05-2021,3100,3124,3078,3088.800049,2930.155273,2098538
19-05-2021,3084,3118,3067.100098,3082,2923.704346,1986041
20-05-2021,3067.100098,3088.800049,3052.100098,3060,2902.834473,2329027
21-05-2021,3061,3088.199951,3055.100098,3080.5,2922.281738,1685566
24-05-2021,3081.5,3105,3072,3081.5,2923.22998,1652260
25-05-2021,3092,3128.25,3082.100098,3114,2968.510498,1841613
26-05-2021,3120,3165,3103.800049,3158.5,3010.931885,1923753
27-05-2021,3161.949951,3217.75,3161.800049,3180,3031.427246,5959785
28-05-2021,3189.5,3198,3135.649902,3143.600098,2996.727539,1763701
31-05-2021,3150,3170.350098,3128.600098,3159.149902,3011.55127,1652799
01-06-2021,3168.600098,3169.949951,3132,3153,3005.688477,1377441
02-06-2021,3150.850098,3159.449951,3115,3129.449951,2983.23877,2240078
03-06-2021,3154.550049,3154.550049,3122.649902,3141.25,2994.487305,1281706
04-06-2021,3128,3156.850098,3125,3143.75,2996.87085,1836060
07-06-2021,3145,3190.449951,3133.600098,3183.199951,3034.477539,2559821
08-06-2021,3198,3231,3187.199951,3200.149902,3050.635498,2574057
09-06-2021,3202,3220,3186.199951,3200.25,3050.730957,1710925
10-06-2021,3210,3224,3193,3216.800049,3066.508057,1874324
11-06-2021,3211.550049,3309,3211,3273.800049,3120.844971,3452954
14-06-2021,3279,3308.699951,3270.350098,3276.350098,3123.275635,1847360
15-06-2021,3298,3298,3251.550049,3262.75,3110.310791,1304985
16-06-2021,3262.100098,3294.699951,3253,3274.350098,3121.368652,1635552
17-06-2021,3265.5,3336.050049,3260,3317.75,3162.741211,2273413
18-06-2021,3350.899902,3358,3275,3297.300049,3143.246826,3380431
21-06-2021,3265,3286,3251.699951,3273.100098,3120.17749,1130569
22-06-2021,3304,3327.050049,3285,3301.199951,3146.9646,1708688
23-06-2021,3329,3329,3256.399902,3261.399902,3109.02417,1467104
24-06-2021,3284,3383,3278.5,3373.600098,3215.982178,4155204
25-06-2021,3375.25,3399.649902,3350,3380.800049,3222.845215,2722861
28-06-2021,3391.5,3391.5,3333,3336.75,3180.853516,1355238
29-06-2021,3342,3366.300049,3326.5,3340.850098,3184.761963,1497322
30-06-2021,3346,3382,3338.5,3345.75,3189.433105,1693146
01-07-2021,3358,3362,3332.350098,3341.5,3185.381592,990310
02-07-2021,3331,3339.699951,3295.199951,3325.449951,3170.081299,1682274
05-07-2021,3342,3374,3302,3321,3165.839355,1972858
06-07-2021,3313,3328,3256.100098,3262.300049,3109.88208,2159420
07-07-2021,3275,3282.699951,3241.600098,3274.949951,3121.940674,2640710
08-07-2021,3298,3298,3231.899902,3258.5,3106.259277,2485811
09-07-2021,3250,3282,3201,3208.149902,3058.261963,6365067
12-07-2021,3235,3236,3188.350098,3193.100098,3043.915283,1892226
13-07-2021,3214,3214,3175,3187.550049,3038.624268,1809339
14-07-2021,3187,3222,3185,3214.550049,3064.363037,2044279
15-07-2021,3227.600098,3231.850098,3194,3202.949951,3059.968262,2232968
16-07-2021,3213,3219.850098,3192,3194.800049,3052.181885,1256526
19-07-2021,3180,3199.800049,3176,3184.600098,3042.4375,1597058
20-07-2021,3184.600098,3215,3156.149902,3205.800049,3062.690674,1811945
22-07-2021,3190,3224.949951,3190,3216.350098,3072.769775,2859334
23-07-2021,3230,3241.550049,3206.649902,3212.850098,3069.42627,1776193
26-07-2021,3200,3224.25,3190.850098,3197.550049,3054.809082,1259611
27-07-2021,3200,3210,3161.149902,3182.949951,3040.86084,1121367
28-07-2021,3188,3204.449951,3132.399902,3197.800049,3055.048096,1660654
29-07-2021,3200.25,3225.449951,3190.300049,3195.800049,3053.137695,1731997
30-07-2021,3219,3223.5,3162.350098,3167.449951,3026.052734,2999943
02-08-2021,3180,3224.899902,3167,3219.399902,3075.684082,2608669
03-08-2021,3229,3290,3218.949951,3284.899902,3138.259766,3804735
04-08-2021,3300,3305.199951,3261.199951,3273.949951,3127.798828,2929598
05-08-2021,3275,3315,3262.5,3283.949951,3137.352539,2534521
06-08-2021,3272.550049,3324,3265,3309.800049,3162.048584,2292362
09-08-2021,3323.899902,3337,3310,3322.699951,3174.372803,1510489
10-08-2021,3315.600098,3349.899902,3315.600098,3333.899902,3185.07251,2040777
11-08-2021,3350,3360,3327.100098,3344.199951,3194.912598,1929707
12-08-2021,3326,3368,3326,3351.75,3202.125977,1310205
13-08-2021,3360.75,3480,3357.5,3463.399902,3308.791504,4363584
16-08-2021,3460,3494.350098,3436.5,3472.949951,3317.915527,2083489
17-08-2021,3482.100098,3560.800049,3463,3553.050049,3394.439453,4336019
18-08-2021,3573.850098,3595,3536.600098,3560.550049,3401.604736,2631309
20-08-2021,3506,3575,3500,3559.5,3400.601807,2836148
23-08-2021,3580,3673,3561.899902,3637.399902,3475.02417,3744176
24-08-2021,3657,3667.350098,3594.399902,3613.199951,3451.903809,2511141
25-08-2021,3610,3697.75,3607.050049,3659,3495.659912,2123263
26-08-2021,3660,3687.600098,3647.899902,3671.850098,3507.936279,1902533
27-08-2021,3666,3729.5,3651.100098,3720.149902,3554.080078,3944728
30-08-2021,3715,3740.350098,3687.600098,3701.300049,3536.071533,2033114
31-08-2021,3709.399902,3804.100098,3703.449951,3786.449951,3617.42041,3207480
01-09-2021,3796,3816.699951,3707,3714.949951,3549.112061,2643336
02-09-2021,3734,3859.149902,3722,3836.75,3665.475342,3403717
03-09-2021,3825,3856.899902,3804.550049,3842.050049,3670.53833,1746812
06-09-2021,3849.699951,3877.600098,3814,3852,3680.044189,1723693
07-09-2021,3864,3869.949951,3808.25,3815.899902,3645.555908,1585039
08-09-2021,3810,3815,3756,3774.149902,3605.669434,4147175
09-09-2021,3789.699951,3808.699951,3765,3791.399902,3622.14917,1441148
13-09-2021,3767,3852.399902,3767,3845.350098,3673.690918,1691473
14-09-2021,3849.949951,3896.5,3825,3885.899902,3712.430908,1991188
15-09-2021,3882.100098,3980,3866,3954.550049,3778.016113,2461369
16-09-2021,3930,3981.75,3892.100098,3903.300049,3729.053955,2946666
17-09-2021,3920,3945,3805,3827.850098,3656.972656,6477148
20-09-2021,3809,3871,3807.850098,3823.5,3652.816162,2002008
21-09-2021,3858,3871.550049,3821.649902,3862.949951,3690.505371,1568129
22-09-2021,3862.5,3896.850098,3852.449951,3862.149902,3689.741211,1744067
23-09-2021,3870,3879,3835,3869.25,3696.523926,2003869
24-09-2021,3890,3944.399902,3855,3871.300049,3698.48291,2320754
27-09-2021,3900,3904,3802.899902,3836.949951,3665.665771,1673362
28-09-2021,3850,3850,3751.25,3779.149902,3610.446045,2253075
29-09-2021,3759.800049,3806,3722.149902,3791.899902,3622.626953,2489161
30-09-2021,3805,3805,3750.100098,3775.550049,3607.00708,2252412
01-10-2021,3781.75,3810,3725,3730.199951,3563.681396,1578374
04-10-2021,3724.800049,3783.649902,3707.449951,3773.300049,3604.857422,1356860
05-10-2021,3754,3840,3741.600098,3833.300049,3662.179199,1877966
06-10-2021,3836,3857.449951,3795,3810.899902,3640.778564,1678154
07-10-2021,3830,3899,3820.050049,3892.899902,3719.118164,1647233
08-10-2021,3925,3989.899902,3900,3935.649902,3759.959473,2934339
11-10-2021,3755,3757.5,3660,3685.600098,3521.072754,11845402
12-10-2021,3706,3707,3630.600098,3652.850098,3489.784424,5752877
13-10-2021,3650,3675.449951,3645,3655.199951,3492.029297,3545655
14-10-2021,3625,3670,3608.199951,3611.449951,3456.852783,6442299
18-10-2021,3603.449951,3652.699951,3601.449951,3647.149902,3491.024414,3590107
19-10-2021,3669,3690.100098,3625.199951,3634.149902,3478.580811,3135441
20-10-2021,3612,3630,3578.300049,3608.850098,3454.364014,2933693
21-10-2021,3604.100098,3607.449951,3511.25,3532.5,3381.282227,4871211
22-10-2021,3560,3561.600098,3485,3498.850098,3349.072754,2691670
25-10-2021,3503,3514.550049,3450,3492.949951,3343.425537,2595594
26-10-2021,3494.5,3529,3475,3482.600098,3333.518799,3878763
27-10-2021,3483,3511.25,3483,3489.75,3340.362305,2510813
28-10-2021,3518,3518,3415,3421.649902,3275.17749,2424942
29-10-2021,3400.050049,3461,3385.949951,3397.75,3252.300781,3960501
01-11-2021,3437.949951,3487,3412.949951,3476.399902,3327.58374,2020718
02-11-2021,3494,3513.600098,3469.75,3484.199951,3335.049805,3087414
03-11-2021,3504.199951,3519.899902,3466.050049,3492.25,3342.755371,1537639
04-11-2021,3512.949951,3513.25,3505,3508.649902,3358.453369,328991
08-11-2021,3548,3548,3481.199951,3502.75,3352.805908,2526082
09-11-2021,3508,3535,3496,3505.699951,3355.629395,1782692
10-11-2021,3498,3519.699951,3480.199951,3484.300049,3335.145508,1516489
11-11-2021,3480,3510.050049,3436,3488.199951,3338.878906,1284514
12-11-2021,3506,3534.149902,3485.699951,3526.050049,3375.108887,1747259
15-11-2021,3528,3569.600098,3528,3553.300049,3401.192139,1809157
16-11-2021,3569,3575.550049,3542,3556.399902,3404.15918,2013204
17-11-2021,3550.600098,3562.850098,3506.399902,3521.899902,3371.135986,1632914
18-11-2021,3515.149902,3520.850098,3451.600098,3475.699951,3326.914063,2136598
22-11-2021,3478.399902,3515.949951,3440.300049,3458.399902,3310.354492,3167936
23-11-2021,3445,3480.949951,3407.800049,3464.25,3315.953857,2153461
24-11-2021,3472.199951,3493.050049,3424,3443.300049,3295.900879,2161746
25-11-2021,3443.899902,3463,3434.050049,3445.899902,3298.389648,1849619
26-11-2021,3425,3490,3411.899902,3446.850098,3299.298828,1941251
29-11-2021,3447.149902,3529.350098,3406.449951,3502,3352.088135,2981745
30-11-2021,3491,3563.75,3491,3529.149902,3378.075928,5588446
01-12-2021,3535,3590,3535,3577.800049,3424.643066,2102118
02-12-2021,3589.199951,3648,3574.100098,3642.899902,3486.956299,3152938
03-12-2021,3646.449951,3665.949951,3630.850098,3640.449951,3484.611084,2486263
06-12-2021,3640.449951,3658,3522,3536.399902,3385.015381,1849642
07-12-2021,3562.5,3598,3524.300049,3584.5,3431.056396,1484458
08-12-2021,3601,3646.449951,3601,3626.899902,3471.641357,1428660
09-12-2021,3610,3634.75,3566,3601.75,3447.567871,1567957
10-12-2021,3585,3642,3575.100098,3636.800049,3481.117676,1510718
13-12-2021,3650,3662,3601.699951,3609.649902,3455.129639,1883864
14-12-2021,3605,3635,3576.699951,3623.800049,3468.674072,1747007
15-12-2021,3620,3623,3558.149902,3570.350098,3417.512451,1603233
16-12-2021,3582,3608.449951,3570,3581.600098,3428.280273,2072320
17-12-2021,3602.5,3651.350098,3573.699951,3584.350098,3430.912598,4333992
20-12-2021,3589,3606,3510.149902,3556.899902,3404.637695,2312310
21-12-2021,3582.649902,3641.199951,3566.399902,3608.300049,3453.837646,2340989
22-12-2021,3624,3636.800049,3606.25,3630.75,3475.32666,1224328
23-12-2021,3648,3670.5,3630,3662.699951,3505.908691,1792861
24-12-2021,3685,3705,3644.800049,3670.899902,3513.757813,2209923
27-12-2021,3671,3700,3653.100098,3696.100098,3537.878906,1534135
28-12-2021,3710,3725,3693.850098,3706.550049,3547.881836,1456218
29-12-2021,3692.25,3719.949951,3685,3694.699951,3536.538818,1456923
30-12-2021,3681.350098,3740,3680,3733.75,3573.917725,1966475
31-12-2021,3742.800049,3760,3731.300049,3738.350098,3578.320557,1207141
03-01-2022,3750,3830,3745,3817.75,3654.321777,2346158
04-01-2022,3831.100098,3889.149902,3811.699951,3884.75,3718.453369,2488606
05-01-2022,3865,3870,3812.399902,3860.949951,3695.672607,1733031
06-01-2022,3812,3835,3772,3807.449951,3644.462646,1810293
07-01-2022,3820,3864.899902,3796.399902,3853.5,3688.541016,2460591
10-01-2022,3978,3978,3861,3879.850098,3713.763184,3937092
11-01-2022,3856,3925,3856,3915.899902,3748.27002,1906106
12-01-2022,3925,3929,3836.550049,3859.899902,3694.666992,3203744
13-01-2022,3918,3923,3857,3897.899902,3731.040283,6684507
14-01-2022,3877.850098,3977,3860.050049,3968.149902,3798.283203,3348123
17-01-2022,3992.699951,4043,3962.300049,4019.149902,3847.100098,3442604
18-01-2022,4033.949951,4041.699951,3980,3990.600098,3819.772461,2389041
19-01-2022,4012,4012,3910.5,3914.649902,3753.657715,3102539
20-01-2022,3910,3920,3811,3826.550049,3669.180908,6176776
21-01-2022,3807,3851.550049,3771.100098,3833.5,3675.845459,3112358
24-01-2022,3840,3849.649902,3740.100098,3771.350098,3616.251221,3258414
25-01-2022,3769.5,3809.399902,3722.199951,3769.899902,3614.860596,3330501
27-01-2022,3731,3733.399902,3625.100098,3649.25,3499.172852,5718297
28-01-2022,3646,3729.800049,3646,3690.050049,3538.294922,3143862
31-01-2022,3749,3758,3721.399902,3736.25,3582.594238,2739393
01-02-2022,3770,3808,3736.399902,3800.649902,3644.345947,2105169
02-02-2022,3827.899902,3864,3800.649902,3856.199951,3697.611572,1984212
03-02-2022,3851,3882.5,3816.050049,3824.600098,3667.311279,1960538
04-02-2022,3815.300049,3824.699951,3769,3814.899902,3658.009766,2307366
07-02-2022,3791,3831.800049,3756.149902,3779,3623.586426,1919149
08-02-2022,3791.550049,3799.699951,3721,3743.449951,3589.498535,2946443
09-02-2022,3750,3777.949951,3746.100098,3760.550049,3605.895264,1638721
10-02-2022,3789.800049,3789.800049,3758,3770.350098,3615.29248,2112459
11-02-2022,3752.5,3752.5,3690,3694.949951,3542.99292,3851488
14-02-2022,3724,3793.25,3710,3733.75,3580.197754,5951745
15-02-2022,3786,3835,3748,3817.800049,3660.790771,3931683
16-02-2022,3844,3854.100098,3806,3813.100098,3656.284424,3256906
17-02-2022,3825,3835,3779,3784.199951,3628.572266,3134372
18-02-2022,3769,3815.949951,3757.600098,3793.899902,3637.873535,3688883
21-02-2022,3810,3827.800049,3705.550049,3719.399902,3566.4375,7465922
22-02-2022,3650,3667.899902,3570,3586.399902,3438.907227,5408531
23-02-2022,3611,3622.899902,3555.649902,3563.800049,3417.236572,2426203
24-02-2022,3474,3483.850098,3391.100098,3401.649902,3261.754639,5039136
25-02-2022,3468,3530,3462,3520.75,3375.957031,2549723
28-02-2022,3490,3563.75,3455.899902,3554.199951,3408.03125,3288942
02-03-2022,3552.5,3571.949951,3506,3546.149902,3400.3125,2761341
03-03-2022,3562.850098,3578.600098,3530.100098,3544.399902,3398.634033,1928039
04-03-2022,3501.5,3561.199951,3487.050049,3524.350098,3379.40918,2370257
07-03-2022,3450,3548,3431.550049,3484.899902,3341.581543,3054130
08-03-2022,3460,3609,3460,3599.949951,3451.900146,3300992
09-03-2022,3605,3654,3597.050049,3632.600098,3483.207275,2719654
10-03-2022,3684,3684,3615,3620.949951,3472.036377,2005441
11-03-2022,3603.25,3639.850098,3592.850098,3599.149902,3451.132813,1623423
14-03-2022,3580,3648.350098,3580,3643,3493.179688,1765688
15-03-2022,3659,3659,3585.399902,3593.899902,3446.098389,3651133
16-03-2022,3640.5,3668,3616.25,3655.899902,3505.549072,3090475
17-03-2022,3696.600098,3710,3660.300049,3672.75,3521.706055,3600452
21-03-2022,3696,3713.949951,3615,3626.699951,3477.549805,2413831
22-03-2022,3640,3711,3625,3700.949951,3548.746338,2907611
23-03-2022,3708,3729.800049,3690,3712.399902,3559.72583,1596195
24-03-2022,3700,3758.199951,3695,3749.850098,3595.635498,1879046
25-03-2022,3759.899902,3779.5,3672,3707.449951,3554.979004,1690133
28-03-2022,3695,3713,3661.199951,3707.699951,3555.21875,1760990
29-03-2022,3694.75,3722,3691,3705.350098,3552.965332,2689063
30-03-2022,3738,3738,3706.199951,3731.550049,3578.087891,1583455
31-03-2022,3740,3754.649902,3720.199951,3739.949951,3586.142578,2168110
01-04-2022,3748,3763,3728.050049,3758.75,3604.169678,1387014
04-04-2022,3762,3780,3737.100098,3770.350098,3615.29248,1472994
05-04-2022,3772,3835.600098,3772,3814.800049,3657.914063,2314947
06-04-2022,3809.300049,3809.300049,3731.149902,3755.350098,3600.90918,2051729
07-04-2022,3745.5,3745.5,3679,3684.149902,3532.637207,2494829
08-04-2022,3690,3705,3642.5,3685.649902,3534.075195,2296773
11-04-2022,3690,3712.350098,3656.100098,3696.399902,3544.383301,2291660
12-04-2022,3683,3739,3648.350098,3691.100098,3539.30127,4483476
13-04-2022,3707,3709.850098,3655.550049,3661.949951,3511.350342,1621672
18-04-2022,3610,3610,3522.5,3528.050049,3382.957031,3820792
19-04-2022,3550,3563.550049,3439.149902,3471.899902,3329.115967,3170014
20-04-2022,3500,3569.149902,3480,3556.800049,3410.524414,2640370
21-04-2022,3580,3644,3567.399902,3628.649902,3479.419434,2280996
22-04-2022,3581.100098,3617,3571.5,3612.550049,3463.981934,1581465
25-04-2022,3558,3584,3533.100098,3548.199951,3402.278076,1960694
26-04-2022,3575.149902,3587.899902,3518.149902,3546.300049,3400.456543,1943469
27-04-2022,3546,3568.449951,3506.300049,3561.199951,3414.743652,1727648
28-04-2022,3588,3604.399902,3538.050049,3584.300049,3436.893799,1703660
29-04-2022,3597,3623.25,3536.850098,3546.699951,3400.839844,2051115
02-05-2022,3519.899902,3547.949951,3492.75,3542.399902,3396.716797,1324161
04-05-2022,3538.5,3545.449951,3465.300049,3479.75,3336.643311,2305825
05-05-2022,3512.100098,3533,3485.350098,3513.399902,3368.90918,1612262
06-05-2022,3459,3474.5,3424.5,3432.600098,3291.432861,2010812
09-05-2022,3398,3456,3346.850098,3445.100098,3303.418457,2481830
10-05-2022,3434,3464.800049,3422,3438.75,3297.329102,1622685
11-05-2022,3435,3448.449951,3382.149902,3412,3271.679443,1841769
12-05-2022,3378,3449.699951,3350.100098,3408.649902,3268.467285,2807195
13-05-2022,3435,3439.899902,3382.149902,3414.899902,3274.460449,2187823
16-05-2022,3415,3430,3366.600098,3376.800049,3237.927246,1195813
17-05-2022,3370,3467,3350.399902,3451.600098,3309.651367,1754076
18-05-2022,3465,3495,3443.050049,3448.800049,3306.966064,1866781
19-05-2022,3397,3405,3230,3261.949951,3127.800293,4642963
20-05-2022,3310,3313.899902,3270.050049,3293,3157.573486,3065125
23-05-2022,3304.800049,3338.899902,3267,3321.75,3185.141357,2293690
24-05-2022,3315.149902,3324.850098,3275.600098,3288,3152.779297,1711510
25-05-2022,3292.850098,3292.850098,3154.050049,3167.649902,3057.838379,3548046
26-05-2022,3191,3241.5,3180.550049,3226.949951,3115.082764,2813186
27-05-2022,3253.199951,3278.899902,3229.199951,3261.300049,3148.242188,3103153
30-05-2022,3297,3386.600098,3286.350098,3375.25,3258.241699,2094624
31-05-2022,3354.149902,3383.399902,3325,3364.350098,3247.719482,4840965
01-06-2022,3388,3388,3340.050049,3355.199951,3238.886719,1493835
02-06-2022,3355,3432,3346.300049,3423,3304.336426,2657939
03-06-2022,3459.399902,3477.300049,3431.199951,3440.149902,3320.891846,1913622
06-06-2022,3418,3453,3377.149902,3430.949951,3312.010986,1084210
07-06-2022,3401.050049,3418.850098,3356,3362.699951,3246.126953,2308256
08-06-2022,3380.149902,3413.949951,3346.5,3404.149902,3286.139893,2185707
09-06-2022,3385,3437,3353.100098,3427.100098,3308.294434,1279197
10-06-2022,3382,3393,3352,3359.899902,3243.423828,1527582
13-06-2022,3290,3293,3192.449951,3219.600098,3107.987549,3030921
14-06-2022,3190,3238.899902,3174.699951,3210.550049,3099.251221,2611493
15-06-2022,3218.5,3234,3201,3206.300049,3095.148926,1404536
16-06-2022,3240,3244.850098,3133.050049,3142,3033.077881,2032028
17-06-2022,3092,3118.75,3023.850098,3088.899902,2981.818359,5240434
20-06-2022,3094,3138.75,3069,3112.399902,3004.503662,1502769
21-06-2022,3130,3237.75,3125.399902,3211.949951,3100.602783,2964461
22-06-2022,3199.899902,3250.550049,3183,3222.949951,3111.221191,3336315
23-06-2022,3222.949951,3318,3222.949951,3308.800049,3194.095459,3692578
24-06-2022,3339,3345,3277.5,3293.100098,3178.939697,2132118
27-06-2022,3350,3362.899902,3306.5,3314.699951,3199.790527,2037686
28-06-2022,3307,3330,3272.600098,3318.149902,3203.121094,1400046
29-06-2022,3271,3333,3271,3290.5,3176.429688,2133994
30-06-2022,3272,3310.899902,3255,3267.100098,3153.84082,2719603
01-07-2022,3260,3333,3252.050049,3315.100098,3200.177002,1502879
04-07-2022,3312,3317.949951,3225.050049,3235.050049,3122.9021,2622535
05-07-2022,3255,3272,3206.949951,3216.300049,3104.802002,2170627
06-07-2022,3218.5,3268.5,3202.25,3260.75,3147.710693,2182144
07-07-2022,3271,3319.399902,3265.050049,3287.850098,3173.871826,1989921
08-07-2022,3300,3305,3250,3265.449951,3152.248047,2136916
11-07-2022,3206.149902,3225,3106,3113.800049,3005.855469,6974600
12-07-2022,3114.899902,3136.199951,3080.25,3084.699951,2977.763916,3734815
13-07-2022,3104,3110,3035,3038.75,2933.407227,3863530
14-07-2022,3056,3057,2967,2998.75,2902.434814,4764908
15-07-2022,3018.550049,3028.899902,2953,2994.600098,2898.418457,4574806
18-07-2022,3023,3076.949951,3014.300049,3063.5,2965.10498,3202795
19-07-2022,3030.050049,3078.949951,3030.050049,3074.25,2975.509766,1865074
20-07-2022,3107.800049,3171.949951,3098.050049,3164.800049,3063.151611,3402251
21-07-2022,3167,3184,3144.050049,3177.300049,3075.25,2420640
22-07-2022,3185,3197,3143.5,3171,3069.152344,2075886
25-07-2022,3165,3186.449951,3149.100098,3166.75,3065.038818,1797504
26-07-2022,3164.699951,3168.899902,3096.5,3115.899902,3015.822021,2639367
27-07-2022,3115,3194.100098,3110,3188.850098,3086.429199,1389808
28-07-2022,3216,3264,3201.649902,3260.5,3155.777832,2106333
29-07-2022,3290,3317.300049,3275,3301.899902,3195.848145,2430257
01-08-2022,3327,3327,3271,3298.800049,3192.847656,1306913
02-08-2022,3290,3312.899902,3271.649902,3291.800049,3186.072754,1269114
03-08-2022,3280,3349,3277.050049,3339.5,3232.240479,2895824
04-08-2022,3350,3387.899902,3307.350098,3354.949951,3247.194336,2150567
05-08-2022,3361.199951,3377,3355,3365.050049,3256.969971,1106933
08-08-2022,3365,3378.899902,3336,3374.449951,3266.068115,1068836
10-08-2022,3385,3385,3335,3354.25,3246.516846,1878359
11-08-2022,3400,3428.699951,3375.050049,3422.5,3312.574707,1449248
12-08-2022,3419,3419,3381.25,3401.550049,3292.297607,1472354
16-08-2022,3411,3414.850098,3387.5,3392.699951,3283.731689,839942
17-08-2022,3385.100098,3417.949951,3371.100098,3401.100098,3291.862061,1622326
18-08-2022,3390,3392,3362,3381.25,3272.649414,1430659
19-08-2022,3387,3421.5,3371.25,3385.75,3277.005127,1398410
22-08-2022,3365,3384.100098,3347.399902,3354.550049,3246.807373,1536532
23-08-2022,3319.949951,3341.899902,3270,3284.600098,3179.104004,1849256
24-08-2022,3292,3308,3250.199951,3255.350098,3150.793457,1691923
25-08-2022,3276,3278.149902,3214.75,3218.199951,3114.83667,1946930
26-08-2022,3234.300049,3257,3216.800049,3222.199951,3118.708008,1457962
29-08-2022,3125,3142.699951,3081,3132.550049,3031.9375,2539173
30-08-2022,3155,3226.5,3142.100098,3211.149902,3108.012695,3431525
01-09-2022,3190,3190,3121,3131.699951,3031.114746,3546935
02-09-2022,3163,3163,3120.300049,3130.399902,3029.856445,2052900
05-09-2022,3123.649902,3147.949951,3112.25,3133.399902,3032.760254,2147912
06-09-2022,3135.5,3140.850098,3106.350098,3127.050049,3026.614258,1936453
07-09-2022,3102,3161.899902,3102,3149.600098,3048.440186,1291534
08-09-2022,3170,3183.5,3160.100098,3169.649902,3067.845703,1346113
09-09-2022,3195,3233.5,3168.5,3217.649902,3114.303955,1561185
12-09-2022,3239.899902,3269.800049,3225,3242.949951,3138.791504,1785928
13-09-2022,3263.449951,3263.449951,3225,3229.350098,3125.628174,1972678
14-09-2022,3135,3141.399902,3113.800049,3120.399902,3020.17749,5090269
15-09-2022,3130,3137.75,3100,3104.350098,3004.643311,2138023
16-09-2022,3076,3094.350098,3000,3008.699951,2912.065186,5322221
19-09-2022,3036,3042,2987.800049,3028.800049,2931.519775,2072220
20-09-2022,3050,3079.949951,3030,3040.300049,2942.650391,1544295
21-09-2022,3028,3041.399902,2998.149902,3001.199951,2904.805908,2253818
22-09-2022,2990,3029.949951,2979.300049,3007.399902,2910.807129,2017983
23-09-2022,3004,3022.5,2979,2982.050049,2886.27124,2652374
26-09-2022,2959.850098,3025.850098,2926.100098,2994.399902,2898.224609,2925489
27-09-2022,3009.399902,3025,2976,3017.449951,2920.534424,2227447
28-09-2022,2980,3049.949951,2980,3035.649902,2938.149414,2739767
29-09-2022,3054,3055.850098,2990,2997.300049,2901.031494,2493902
30-09-2022,2990.850098,3019.699951,2950.100098,3004.550049,2908.048828,2817353
03-10-2022,2995,3020.699951,2974,2984.949951,2889.077881,1763331
04-10-2022,3029.949951,3098,3023,3091.149902,2991.866943,2145875
06-10-2022,3111,3124,3092.449951,3101.949951,3002.320313,1790816
07-10-2022,3097.399902,3105,3058.100098,3064.899902,2966.460205,1939879
10-10-2022,3010,3127,3005,3118.550049,3018.386963,3064063
11-10-2022,3100,3145,3053.350098,3069.550049,2970.960938,4730645
12-10-2022,3084.899902,3109.899902,3062.050049,3100.75,3001.158691,1665247
13-10-2022,3100.75,3110,3052.350098,3103.300049,3003.626953,2054781
14-10-2022,3145,3150,3071,3099.149902,2999.609863,2245977
17-10-2022,3072.649902,3128.399902,3071.449951,3111.75,3019.600098,1517005
18-10-2022,3150,3155.350098,3128.550049,3144.699951,3051.574219,1793722
19-10-2022,3159,3159,3112,3121.850098,3029.401123,1194289
20-10-2022,3105,3160,3105,3157.300049,3063.80127,1587601
21-10-2022,3157.800049,3160.399902,3127,3137.399902,3044.490723,1021913
24-10-2022,3170.100098,3178,3155,3161.699951,3068.070801,260949
25-10-2022,3180.5,3184.25,3151.149902,3162.100098,3068.459229,2069643
27-10-2022,3160.699951,3174,3134.350098,3157.399902,3063.898193,2438421
28-10-2022,3150,3178.5,3145,3163.25,3069.574951,1355739
31-10-2022,3199,3199,3177.800049,3193.149902,3098.589355,1919414
01-11-2022,3214.5,3262.600098,3203.449951,3259.699951,3163.168945,2991060
02-11-2022,3270,3270,3222.050049,3241.699951,3145.701904,1405955
03-11-2022,3228.050049,3228.050049,3195,3206.75,3111.787109,1422652
04-11-2022,3217,3220.050049,3166.149902,3217.399902,3122.121582,1464013
07-11-2022,3229,3242.800049,3195.100098,3233.699951,3137.938721,1474498
09-11-2022,3249.800049,3249.800049,3201.649902,3216.050049,3120.811768,1162267
10-11-2022,3170,3225,3170,3205.649902,3110.719238,1573092
11-11-2022,3269.600098,3341.600098,3255.050049,3315.949951,3217.753174,3265394
14-11-2022,3324,3349,3309,3335.5,3236.724121,1342074
15-11-2022,3321,3339.949951,3292,3332.600098,3233.909912,1400708
16-11-2022,3338.899902,3367.899902,3321.449951,3355.350098,3255.986328,1748235
17-11-2022,3340,3360,3317.75,3349,3249.824463,1417986
18-11-2022,3350,3362.75,3321,3343.449951,3244.438721,1164540
21-11-2022,3322.5,3333.699951,3273,3283.5,3186.26416,1304194
22-11-2022,3280,3318.949951,3255.25,3314.949951,3216.782715,1149739
23-11-2022,3330,3330,3291,3308.300049,3210.32959,1150011
24-11-2022,3316.25,3392.949951,3308.300049,3380.149902,3280.052002,1296591
25-11-2022,3383,3403.350098,3348,3389.649902,3289.270264,1588981
28-11-2022,3366,3417,3365.550049,3395.25,3294.704834,2195437
29-11-2022,3383,3429,3383,3397.350098,3296.742676,1576028
30-11-2022,3383,3414.899902,3375,3390.800049,3290.386719,3410702
01-12-2022,3425,3480,3420,3475.649902,3372.723877,2180856
02-12-2022,3458.100098,3468.899902,3413,3439.149902,3337.304688,2411749
05-12-2022,3433,3439.149902,3407,3425.899902,3324.447021,1475065
06-12-2022,3400.050049,3407.949951,3368,3385.350098,3285.0979,1166999
07-12-2022,3368.300049,3393.699951,3354,3380.600098,3280.48877,1167505
08-12-2022,3360,3380.600098,3339.449951,3350.550049,3251.328613,1285619
09-12-2022,3374.100098,3374.100098,3276.350098,3292.75,3195.23999,1797896
12-12-2022,3255.5,3296,3236.100098,3286.449951,3189.126709,1527610
13-12-2022,3277.199951,3336.449951,3267.800049,3332.100098,3233.424805,1378016
14-12-2022,3348.800049,3377,3340.899902,3365.350098,3265.69043,1213311
15-12-2022,3358.800049,3364.75,3298.949951,3305.100098,3207.224365,1415694
16-12-2022,3275,3292,3225.199951,3240.25,3144.294922,2703680
19-12-2022,3227,3245.5,3194.5,3202.050049,3107.226074,2120965
20-12-2022,3198.899902,3249,3163.649902,3243.949951,3147.885254,1529971
21-12-2022,3249,3283.050049,3240,3268.550049,3171.756836,1432566
22-12-2022,3294,3294,3245.100098,3259.699951,3163.168945,1384101
23-12-2022,3217,3266.850098,3217,3228.350098,3132.747559,1360281
26-12-2022,3228.350098,3272,3225.050049,3252.899902,3156.570068,870157
27-12-2022,3269.199951,3273.800049,3231.5,3259.5,3162.974854,835883
28-12-2022,3249.800049,3266.100098,3226,3257.100098,3160.645752,910795
29-12-2022,3231.100098,3271.5,3228,3268.75,3171.950928,1037927
30-12-2022,3286.050049,3299,3246.199951,3256.699951,3160.257568,1163131
02-01-2023,3261,3266.850098,3235.199951,3261.449951,3164.866943,709547
03-01-2023,3252,3320,3245.300049,3311.350098,3213.289551,1245178
04-01-2023,3306.699951,3327.350098,3286.199951,3314.649902,3216.491455,1231668
05-01-2023,3330.199951,3337.300049,3281.949951,3311.100098,3213.046631,1826057
06-01-2023,3300,3301.550049,3200,3211.550049,3116.444824,2488376
09-01-2023,3229,3327,3221.149902,3319.949951,3221.634766,2885060
10-01-2023,3285,3298,3230.100098,3286.399902,3189.078125,3864655
11-01-2023,3290.100098,3349.5,3271.149902,3328.699951,3230.125244,2720512
12-01-2023,3329,3350,3315.550049,3334.350098,3235.608154,2250391
13-01-2023,3342.899902,3379,3305,3374.550049,3274.61792,1742837
16-01-2023,3317,3353,3298.050049,3334.050049,3300.85376,1843607
17-01-2023,3330,3381.800049,3321,3378.399902,3344.761963,1688475
18-01-2023,3380,3408.949951,3372.25,3390,3356.246826,2421189
19-01-2023,3380,3387,3361,3373.100098,3339.515137,1585044
20-01-2023,3365,3394.649902,3355.600098,3363.100098,3329.614746,1529349
23-01-2023,3388,3419,3355.600098,3414.899902,3380.898926,1067916
24-01-2023,3425,3451.949951,3417.300049,3436.300049,3402.085938,1387863
25-01-2023,3425.300049,3435,3405,3429.75,3395.601074,874110
27-01-2023,3426,3446,3382.300049,3411.050049,3377.087158,1785879
30-01-2023,3420,3458.449951,3385.550049,3433.649902,3399.462158,1953798
31-01-2023,3449,3449,3351,3358.699951,3325.258301,2820375
01-02-2023,3363,3419,3355,3408.350098,3374.414307,2205161
02-02-2023,3427,3469,3420.100098,3460.399902,3425.945801,1813847
03-02-2023,3504,3504,3452.899902,3482.300049,3447.62793,1804469
06-02-2023,3473.149902,3473.149902,3436.850098,3459.949951,3425.500244,1138714
07-02-2023,3468.899902,3493,3461.399902,3472.550049,3437.975098,1455647
08-02-2023,3478.050049,3539.899902,3478.050049,3520.100098,3485.051514,1986946
09-02-2023,3515,3547.600098,3505.300049,3540.850098,3505.594727,1655427
10-02-2023,3520,3542.350098,3508.149902,3537.550049,3502.327637,1187821
13-02-2023,3549,3549,3473.399902,3482.399902,3447.726807,1087939
14-02-2023,3505,3524.850098,3495,3500.100098,3465.250732,1579818
15-02-2023,3487,3526,3460.149902,3520.649902,3485.595703,1429449
16-02-2023,3527.199951,3575,3527,3558.050049,3522.623535,1618931
17-02-2023,3526.149902,3538.899902,3490,3501.149902,3466.290039,1061369
20-02-2023,3502,3522,3475.050049,3487.300049,3452.578125,1296082
21-02-2023,3494,3508.899902,3444.75,3451,3416.639404,1139541
22-02-2023,3414.949951,3447,3395,3401.550049,3367.681641,1218430
23-02-2023,3421,3452.399902,3408,3413.800049,3379.809814,1441570
24-02-2023,3422.5,3433.949951,3382.300049,3400.449951,3366.592773,977592
27-02-2023,3390,3390,3316,3331.850098,3298.675781,1128022
28-02-2023,3328.5,3392,3299.899902,3312.850098,3279.865234,4116217
01-03-2023,3323,3389,3315,3385.699951,3351.989502,1669307
02-03-2023,3361,3369.899902,3318,3321.449951,3288.37915,1556538
03-03-2023,3354,3358,3331.100098,3342.149902,3308.873291,1043190
06-03-2023,3361.899902,3404.949951,3359,3371.850098,3338.277588,1334132
08-03-2023,3364,3396,3330.850098,3390.399902,3356.642822,1844590
09-03-2023,3385,3385,3330.850098,3336.850098,3303.626221,1648500
10-03-2023,3312.899902,3337.25,3290,3331,3297.834229,1024404
13-03-2023,3333,3369.800049,3272,3281.949951,3249.272461,1901233
14-03-2023,3280,3304.399902,3209.399902,3214.949951,3182.939697,2670334
15-03-2023,3250,3260.350098,3192,3198.899902,3167.049316,1780522
16-03-2023,3208,3219.800049,3172,3185,3153.287842,1901060
17-03-2023,3150.5,3221.399902,3144,3179.300049,3147.644775,6739966
20-03-2023,3169.649902,3169.649902,3095.050049,3143.300049,3112.003174,2289468
21-03-2023,3143.300049,3156.75,3097.449951,3106.100098,3075.173584,1815297
22-03-2023,3130.050049,3143.5,3106.100098,3130.800049,3099.627441,1123939
23-03-2023,3114.899902,3146.350098,3101,3124.649902,3093.538574,1372218
24-03-2023,3148.899902,3170,3106,3120.5,3089.430176,1329577
27-03-2023,3135,3152.75,3106,3122.300049,3091.212158,1524217
28-03-2023,3127,3149.550049,3110.149902,3115.899902,3084.875732,1303530
29-03-2023,3129,3150,3104.100098,3138.899902,3107.646729,1740616
31-03-2023,3189.949951,3213,3152,3205.899902,3173.979492,2382581
03-04-2023,3224.949951,3224.949951,3173.75,3200,3168.138672,1521830
05-04-2023,3185.5,3264.350098,3185.5,3239.800049,3207.542236,2655065
06-04-2023,3225,3257.350098,3215,3220.699951,3188.632324,1703464
10-04-2023,3220,3272,3215,3263.399902,3230.907227,2203187
11-04-2023,3264,3272.949951,3192.149902,3213.800049,3181.80127,2348779
12-04-2023,3227.949951,3260.949951,3199,3241.649902,3209.373535,2417727
13-04-2023,3210,3230,3180,3188.850098,3157.099609,4174070
17-04-2023,3134.100098,3163.399902,3070.25,3139.5,3108.240967,5505048
18-04-2023,3154.949951,3156.850098,3110.600098,3130.75,3099.578125,2617302
19-04-2023,3130.75,3140,3071.5,3089.600098,3058.837891,3298034
20-04-2023,3090,3113,3078,3104.800049,3073.886475,2419999
21-04-2023,3110,3164.449951,3100.800049,3160.850098,3129.378418,1929184
24-04-2023,3151.100098,3180.949951,3126.149902,3174.800049,3143.189453,1640676
25-04-2023,3183,3191.199951,3147.5,3176,3144.377686,2024090
26-04-2023,3181,3208.399902,3181,3198.149902,3166.306885,2000029
27-04-2023,3185,3199.199951,3170.649902,3187.949951,3156.208496,2434446
28-04-2023,3200.399902,3227.25,3196.25,3219.25,3187.197021,2931312
02-05-2023,3235,3235,3210,3219.399902,3187.345215,2321159
03-05-2023,3216,3216,3173.149902,3179.899902,3148.23877,2468285
04-05-2023,3180.149902,3224.449951,3178,3220.699951,3188.632324,1953253
05-05-2023,3220,3244,3210.050049,3230.699951,3198.532959,1710027
08-05-2023,3245,3254.850098,3231.300049,3250.600098,3218.234863,928235
09-05-2023,3252.600098,3298,3246,3283.25,3250.559814,1107375
10-05-2023,3290,3306.5,3266.050049,3286.800049,3254.074219,1559987
11-05-2023,3309,3309.699951,3272,3282.149902,3249.470459,1719623
12-05-2023,3279.149902,3290,3260,3274.300049,3241.69873,1027479
15-05-2023,3284,3292,3248.350098,3255.050049,3222.640381,1150390
16-05-2023,3256.199951,3285,3250.449951,3258.149902,3225.709473,986306
17-05-2023,3255.949951,3280,3198.25,3208.699951,3176.751953,1588815
18-05-2023,3225.949951,3228.949951,3195,3199.850098,3167.98999,1369364
19-05-2023,3210,3234.5,3203.050049,3222.850098,3190.76123,1152449
22-05-2023,3230,3308.449951,3217.050049,3298.699951,3265.855713,1333243
23-05-2023,3306,3327.949951,3290.100098,3297.050049,3264.222168,1687418
24-05-2023,3276,3317.199951,3276,3303.350098,3270.459717,1016555
25-05-2023,3294,3306,3267.100098,3293.5,3260.707764,1374917
26-05-2023,3293.5,3338.649902,3291,3328.899902,3295.754883,1791115
29-05-2023,3360.800049,3372,3312,3320.350098,3287.290527,1210372
30-05-2023,3315,3326.949951,3301.350098,3316.199951,3283.181396,1344224
31-05-2023,3309,3327.699951,3265.149902,3289.5,3256.747559,5815424
01-06-2023,3314,3340,3297.5,3324,3290.903809,1177314
02-06-2023,3326.25,3335.899902,3297.449951,3305.600098,3272.687256,2030661
05-06-2023,3315,3327,3285.050049,3288.899902,3256.15332,1861468
06-06-2023,3280,3288.850098,3220.600098,3232.300049,3200.116943,2022849
07-06-2023,3253,3278.850098,3241,3274.899902,3242.292725,1567196
08-06-2023,3261,3270,3233,3236.449951,3204.225586,1759366
09-06-2023,3245,3250,3205.350098,3209.300049,3177.346191,1775689
12-06-2023,3215,3254.399902,3211,3246.899902,3214.571533,2324605
13-06-2023,3260,3265,3239,3243.699951,3211.40332,1371928
14-06-2023,3243.699951,3255.850098,3225.850098,3251.050049,3218.680176,1658544
15-06-2023,3245.300049,3247.449951,3210,3216.300049,3207.958252,2273810
16-06-2023,3197,3199.399902,3156,3174.899902,3166.665283,4156189
19-06-2023,3190,3214.899902,3175,3210.399902,3202.073242,1468186
20-06-2023,3214,3232.5,3201.050049,3227.699951,3219.328369,1528452
21-06-2023,3250,3261.399902,3223.949951,3258.199951,3249.749268,1645987
22-06-2023,3260,3267.649902,3230.100098,3238.5,3230.100586,1529603
23-06-2023,3237.300049,3249.399902,3209.149902,3216.350098,3208.008057,1119505
26-06-2023,3205,3213.899902,3173,3189.649902,3181.377197,1978803
27-06-2023,3202,3209.649902,3182.300049,3197.350098,3189.057373,863542
28-06-2023,3197.350098,3197.350098,3197.350098,3197.350098,3189.057373,0
30-06-2023,3220,3310,3214.100098,3302.25,3293.685059,2672406
03-07-2023,3314.300049,3318.800049,3268.75,3272.300049,3263.812988,1687264
04-07-2023,3290,3315,3277.300049,3308.850098,3300.268066,1656681
05-07-2023,3320,3329,3305,3319.949951,3311.339111,1453008
06-07-2023,3306.550049,3328.449951,3302,3322.899902,3314.281494,1848238
07-07-2023,3302,3356.899902,3302,3329.25,3320.615234,1789326
10-07-2023,3324.75,3324.75,3265.199951,3271.949951,3263.463623,1407431
11-07-2023,3295,3295,3260.800049,3272.399902,3263.912598,1110172
12-07-2023,3280.949951,3289.149902,3250.100098,3259.899902,3251.444824,1515240
13-07-2023,3284,3367.449951,3272.75,3340.550049,3331.885986,4585146
14-07-2023,3365,3524.850098,3352,3514.649902,3505.53418,6306101
17-07-2023,3510,3549.899902,3477.050049,3491.699951,3482.643799,2743228
18-07-2023,3476,3524,3465,3496.850098,3487.780518,2600090
19-07-2023,3500,3516.850098,3445.649902,3470.050049,3461.050049,2405370
20-07-2023,3453.100098,3478.899902,3436.050049,3463.300049,3463.300049,1715404
21-07-2023,3404.050049,3434.899902,3359.050049,3368.300049,3368.300049,3770223
24-07-2023,3381,3413.449951,3372.100098,3394.75,3394.75,1680132
25-07-2023,3397.5,3406.800049,3380.199951,3399.149902,3399.149902,1272980
26-07-2023,3400.350098,3420.850098,3385,3388.300049,3388.300049,1066803
27-07-2023,3394.949951,3411.649902,3385.050049,3396.899902,3396.899902,1701769
28-07-2023,3385,3393.699951,3331,3355.399902,3355.399902,2599831
31-07-2023,3364.399902,3426.649902,3360.899902,3421.449951,3421.449951,2743678
01-08-2023,3415,3460,3415,3452.050049,3452.050049,1956167
02-08-2023,3434.949951,3446.399902,3413.600098,3440.649902,3440.649902,1914899
03-08-2023,3420,3433.25,3368,3399.949951,3399.949951,2026351
04-08-2023,3401.25,3471,3401.25,3443.550049,3443.550049,2248493
07-08-2023,3453.949951,3488,3441.25,3484.050049,3484.050049,1853889
08-08-2023,3484.050049,3489.949951,3456.600098,3470.600098,3470.600098,1634225
09-08-2023,3464.899902,3467,3425.050049,3462.5,3462.5,1794589
10-08-2023,3450,3464.899902,3430.050049,3442.100098,3442.100098,1096701
11-08-2023,3438.100098,3466.649902,3414,3448.800049,3448.800049,1679974
14-08-2023,3440.699951,3455,3411,3449.850098,3449.850098,1190425
16-08-2023,3450,3466,3435.199951,3458.399902,3458.399902,1328445
17-08-2023,3455,3460.800049,3413.199951,3435.75,3435.75,1843241
18-08-2023,3410,3410,3356.5,3367.100098,3367.100098,2526749
21-08-2023,3375,3409.75,3372,3401.649902,3401.649902,1375579
22-08-2023,3400,3411,3365.050049,3382.149902,3382.149902,1222012
23-08-2023,3388,3402,3376,3398.25,3398.25,1330046
24-08-2023,3408,3413.050049,3378.100098,3387.75,3387.75,1152881
25-08-2023,3375,3385.800049,3350.25,3381.300049,3381.300049,1158046
28-08-2023,3394,3394,3360.100098,3375.550049,3375.550049,1037485
29-08-2023,3381.050049,3389.550049,3365,3376.149902,3376.149902,944517
